<?xml version = '1.0' encoding = 'UTF-8'?>
<Diagram class="oracle.dbtools.crest.swingui.relational.DPVRelational" name="Relational_1" id="0C9270DF-18BD-2D2F-EB0A-4410AE1E77A7">
<createdBy>sd</createdBy>
<modifiedBy>sd</modifiedBy>
<createdTime>2024-09-02 00:42:19 UTC</createdTime>
<autoRoute>false</autoRoute>
<boxInbox>true</boxInbox>
<showLegend>false</showLegend>
<showLabels>false</showLabels>
<showRelAttributes>false</showRelAttributes>
<gridEnabled>false</gridEnabled>
<showGrid>false</showGrid>
<diagramColor>-1</diagramColor>
<display>false</display>
<notation>1</notation>
<objectViews>
<OView class="oracle.dbtools.crest.swingui.relational.TVTable" oid="042E4B36-C28E-80F9-1B1E-768A151D9CDD" otype="Table" vid="1FF4B982-CBB7-CDA4-AED4-243EDFF9DEFC">
<hideElementsInCurrentOnly>false</hideElementsInCurrentOnly>
<bounds x="434" y="5" width="139" height="122"/>
</OView>
<OView class="oracle.dbtools.crest.swingui.relational.TVTable" oid="0B1C013A-1EA8-3752-9BBC-80A74CE11890" otype="Table" vid="D47A1FDE-B58E-9289-3CD0-ED7DF405EDAC">
<hideElementsInCurrentOnly>false</hideElementsInCurrentOnly>
<bounds x="41" y="20" width="127" height="111"/>
</OView>
<OView class="oracle.dbtools.crest.swingui.relational.TVTable" oid="4DC0249B-EDC3-12F5-DD02-3EE7350AB2E3" otype="Table" vid="6F618B11-01C3-6D90-BB9B-E99180E78696">
<hideElementsInCurrentOnly>false</hideElementsInCurrentOnly>
<bounds x="584" y="285" width="144" height="121"/>
</OView>
<OView class="oracle.dbtools.crest.swingui.relational.TVTable" oid="65DD4D39-2E91-7341-24B6-1A333DD9D239" otype="Table" vid="7D8EC30C-7C86-2889-686C-5EB38580CC17">
<hideElementsInCurrentOnly>false</hideElementsInCurrentOnly>
<bounds x="633" y="51" width="122" height="107"/>
</OView>
<OView class="oracle.dbtools.crest.swingui.relational.TVTable" oid="687BB548-B40E-8956-B0C0-C27B39BE8C08" otype="Table" vid="00C12C1B-3E6A-5D33-1BC6-EBDF7BBF8234">
<hideElementsInCurrentOnly>false</hideElementsInCurrentOnly>
<bounds x="583" y="163" width="170" height="110"/>
</OView>
<OView class="oracle.dbtools.crest.swingui.relational.TVTable" oid="9817D5BD-7C01-9F0F-8222-07D9610366DE" otype="Table" vid="893EABA9-E8CE-189B-23E1-9EC6F05122CF">
<hideElementsInCurrentOnly>false</hideElementsInCurrentOnly>
<bounds x="344" y="300" width="170" height="110"/>
</OView>
<OView class="oracle.dbtools.crest.swingui.relational.TVTable" oid="EEBCA1CC-942D-E610-C98C-836DC9CED7F5" otype="Table" vid="152A444C-CC61-0A6A-8389-970384BD0AF1">
<hideElementsInCurrentOnly>false</hideElementsInCurrentOnly>
<bounds x="348" y="207" width="111" height="105"/>
</OView>
<OView class="oracle.dbtools.crest.swingui.relational.TVTable" oid="F5C3B293-B681-BDF5-BF67-A4175B0721ED" otype="Table" vid="266BF942-2853-1CF7-7BDF-EAE5B53FBB74">
<hideElementsInCurrentOnly>false</hideElementsInCurrentOnly>
<bounds x="228" y="17" width="123" height="108"/>
</OView>
</objectViews>
<connectors>
<Connector class="oracle.dbtools.crest.swingui.relational.TVFKRelation" oid="143BDD4A-ECCF-DA7A-7A49-F95A3345C5C3" otype="FKIndexAssociation" vid_source="6F618B11-01C3-6D90-BB9B-E99180E78696" vid_target="893EABA9-E8CE-189B-23E1-9EC6F05122CF">
<hideElementsInCurrentOnly>false</hideElementsInCurrentOnly>
<backgroundColor>-16777216</backgroundColor>
<lineWidth>1</lineWidth>
<points>
<point x="584" y="368"/>
<point x="514" y="368"/>
</points>
</Connector>
<Connector class="oracle.dbtools.crest.swingui.relational.TVFKRelation" oid="2C9A5A13-75D4-2E9F-88E0-6A118190F907" otype="FKIndexAssociation" vid_source="6F618B11-01C3-6D90-BB9B-E99180E78696" vid_target="893EABA9-E8CE-189B-23E1-9EC6F05122CF">
<hideElementsInCurrentOnly>false</hideElementsInCurrentOnly>
<backgroundColor>-16777216</backgroundColor>
<lineWidth>1</lineWidth>
<points>
<point x="584" y="353"/>
<point x="514" y="353"/>
</points>
</Connector>
<Connector class="oracle.dbtools.crest.swingui.relational.TVFKRelation" oid="5DB7C136-48AE-70C6-7594-E007CFC5FA44" otype="FKIndexAssociation" vid_source="6F618B11-01C3-6D90-BB9B-E99180E78696" vid_target="00C12C1B-3E6A-5D33-1BC6-EBDF7BBF8234">
<hideElementsInCurrentOnly>false</hideElementsInCurrentOnly>
<backgroundColor>-16777216</backgroundColor>
<lineWidth>1</lineWidth>
<points>
<point x="656" y="285"/>
<point x="656" y="273"/>
</points>
</Connector>
<Connector class="oracle.dbtools.crest.swingui.relational.TVFKRelation" oid="6C05047B-0413-B132-3448-A8F4998A4FE4" otype="FKIndexAssociation" vid_source="266BF942-2853-1CF7-7BDF-EAE5B53FBB74" vid_target="1FF4B982-CBB7-CDA4-AED4-243EDFF9DEFC">
<hideElementsInCurrentOnly>false</hideElementsInCurrentOnly>
<backgroundColor>-16777216</backgroundColor>
<lineWidth>1</lineWidth>
<points>
<point x="351" y="86"/>
<point x="434" y="86"/>
</points>
</Connector>
<Connector class="oracle.dbtools.crest.swingui.relational.TVFKRelation" oid="7B04450E-449E-ED70-E9E0-567CFC82BFF3" otype="FKIndexAssociation" vid_source="7D8EC30C-7C86-2889-686C-5EB38580CC17" vid_target="00C12C1B-3E6A-5D33-1BC6-EBDF7BBF8234">
<hideElementsInCurrentOnly>false</hideElementsInCurrentOnly>
<backgroundColor>-16777216</backgroundColor>
<lineWidth>1</lineWidth>
<points>
<point x="693" y="158"/>
<point x="693" y="163"/>
</points>
</Connector>
<Connector class="oracle.dbtools.crest.swingui.relational.TVFKRelation" oid="A790BE49-0193-7037-C5DD-06C47FF98DBB" otype="FKIndexAssociation" vid_source="152A444C-CC61-0A6A-8389-970384BD0AF1" vid_target="893EABA9-E8CE-189B-23E1-9EC6F05122CF">
<hideElementsInCurrentOnly>false</hideElementsInCurrentOnly>
<backgroundColor>-16777216</backgroundColor>
<lineWidth>1</lineWidth>
<points>
<point x="406" y="312"/>
<point x="406" y="300"/>
</points>
</Connector>
<Connector class="oracle.dbtools.crest.swingui.relational.TVFKRelation" oid="D78E9EB0-17C0-AEFC-412D-38917BF7C941" otype="FKIndexAssociation" vid_source="D47A1FDE-B58E-9289-3CD0-ED7DF405EDAC" vid_target="266BF942-2853-1CF7-7BDF-EAE5B53FBB74">
<hideElementsInCurrentOnly>false</hideElementsInCurrentOnly>
<backgroundColor>-16777216</backgroundColor>
<lineWidth>1</lineWidth>
<points>
<point x="168" y="87"/>
<point x="228" y="87"/>
</points>
</Connector>
<Connector class="oracle.dbtools.crest.swingui.relational.TVFKRelation" oid="F88BFBA4-233B-9F40-F7F4-28E582626AF9" otype="FKIndexAssociation" vid_source="1FF4B982-CBB7-CDA4-AED4-243EDFF9DEFC" vid_target="152A444C-CC61-0A6A-8389-970384BD0AF1">
<hideElementsInCurrentOnly>false</hideElementsInCurrentOnly>
<backgroundColor>-16777216</backgroundColor>
<lineWidth>1</lineWidth>
<points>
<point x="446" y="127"/>
<point x="446" y="207"/>
</points>
</Connector>
</connectors>
</Diagram>