<?xml version = '1.0' encoding = 'UTF-8'?>
<Table class="oracle.dbtools.crest.model.design.relational.Table" directorySegmentName="seg_0" id="042E4B36-C28E-80F9-1B1E-768A151D9CDD" name="Orden_De_Atencion">
<createdBy>sd</createdBy>
<createdTime>2024-09-02 04:08:59 UTC</createdTime>
<generatorID>DD50164E-7730-EF91-A5AF-DCBDC847F9B0</generatorID>
<ownerDesignName>cesar</ownerDesignName>
<allowColumnReorder>false</allowColumnReorder>
<existDependencyGenerateInDDl>true</existDependencyGenerateInDDl>
<parsed>true</parsed>
<columns itemClass="oracle.dbtools.crest.model.design.relational.Column">
<Column name="Id_orden" id="628DFE3B-A365-2EAC-CB5F-97E2A45D6CFF">
<createdBy>sd</createdBy>
<createdTime>2024-09-02 04:08:59 UTC</createdTime>
<generatorID>1E2FF606-241E-2F5D-AB65-2E6BDA9E3B32</generatorID>
<ownerDesignName>cesar</ownerDesignName>
<useDomainConstraints>false</useDomainConstraints>
<use>1</use>
<logicalDatatype>LOGDT024</logicalDatatype>
<dataTypeSize>100 CHAR</dataTypeSize>
<ownDataTypeParameters>100 CHAR,,</ownDataTypeParameters>
<autoIncrementCycle>false</autoIncrementCycle>
</Column>
<Column name="Fecha_Orden" id="5C087CB7-28F8-F142-5BFB-166476D27922">
<createdBy>sd</createdBy>
<createdTime>2024-09-02 04:08:59 UTC</createdTime>
<generatorID>BD965073-5EEA-EA8B-E17B-5462F18942BF</generatorID>
<ownerDesignName>cesar</ownerDesignName>
<nullsAllowed>true</nullsAllowed>
<useDomainConstraints>false</useDomainConstraints>
<use>1</use>
<logicalDatatype>LOGDT007</logicalDatatype>
<ownDataTypeParameters>,,</ownDataTypeParameters>
<autoIncrementCycle>false</autoIncrementCycle>
</Column>
<Column name="Tipo_Servicio" id="A3A1E1B8-E1E8-E96E-240A-2773D12C4B93">
<createdBy>sd</createdBy>
<createdTime>2024-09-02 04:08:59 UTC</createdTime>
<generatorID>F4BDCBC9-9A9F-02F8-162F-A1990B27D23C</generatorID>
<ownerDesignName>cesar</ownerDesignName>
<nullsAllowed>true</nullsAllowed>
<useDomainConstraints>false</useDomainConstraints>
<use>1</use>
<logicalDatatype>LOGDT024</logicalDatatype>
<dataTypeSize>100 CHAR</dataTypeSize>
<ownDataTypeParameters>100 CHAR,,</ownDataTypeParameters>
<autoIncrementCycle>false</autoIncrementCycle>
</Column>
<Column name="Vehiculo_Estado" id="E13940F3-3A3D-9EBF-4942-70ED24B2673B">
<createdBy>sd</createdBy>
<createdTime>2024-09-02 04:08:59 UTC</createdTime>
<generatorID>96EDC3A3-C164-F9F1-BAC6-A79CBFB8A1DC</generatorID>
<ownerDesignName>cesar</ownerDesignName>
<nullsAllowed>true</nullsAllowed>
<useDomainConstraints>false</useDomainConstraints>
<use>1</use>
<logicalDatatype>LOGDT025</logicalDatatype>
<dataTypeSize>100 CHAR</dataTypeSize>
<ownDataTypeParameters>100 CHAR,,</ownDataTypeParameters>
<autoIncrementCycle>false</autoIncrementCycle>
</Column>
<Column name="Fecha_Entrega" id="60D62503-2C2D-0532-3379-4AAD3554F127">
<createdBy>sd</createdBy>
<createdTime>2024-09-02 04:08:59 UTC</createdTime>
<generatorID>62C4239D-D7BF-A3B3-85AC-EA3650EB272F</generatorID>
<ownerDesignName>cesar</ownerDesignName>
<nullsAllowed>true</nullsAllowed>
<useDomainConstraints>false</useDomainConstraints>
<use>1</use>
<logicalDatatype>LOGDT007</logicalDatatype>
<ownDataTypeParameters>,,</ownDataTypeParameters>
<autoIncrementCycle>false</autoIncrementCycle>
</Column>
<Column name="Vehiculos_Patente" id="D44694A2-2E95-D290-67FF-A8616EB9965F">
<createdBy>sd</createdBy>
<createdTime>2024-09-02 04:26:10 UTC</createdTime>
<generatorID>947F2A31-CC10-728C-82F1-1726C6B498BB</generatorID>
<ownerDesignName>cesar</ownerDesignName>
<useDomainConstraints>false</useDomainConstraints>
<use>1</use>
<logicalDatatype>LOGDT024</logicalDatatype>
<dataTypeSize>100 CHAR</dataTypeSize>
<ownDataTypeParameters>,,</ownDataTypeParameters>
<previousColumn>false</previousColumn>
<autoIncrementCycle>false</autoIncrementCycle>
<associations>
<colAssociation fkAssociation="6C05047B-0413-B132-3448-A8F4998A4FE4" referredColumn="B36CAAC1-2A97-B09F-AC3D-5078574AB098"/>
</associations>
</Column>
</columns>
<indexes itemClass="oracle.dbtools.crest.model.design.relational.Index">
<ind_PK_UK id="999EB72B-2D46-DCCC-3545-5F6B0A9FBCD6" name="Orden_De_Atencion_PK">
<createdBy>sd</createdBy>
<createdTime>2024-09-02 04:08:59 UTC</createdTime>
<generatorID>7436DF43-9A60-7EDE-3CE3-5B188BCCF5C3</generatorID>
<ownerDesignName>cesar</ownerDesignName>
<pk>true</pk>
<indexState>Primary Constraint</indexState>
<isSurrogateKey>false</isSurrogateKey>
<indexColumnUsage>
<colUsage columnID="628DFE3B-A365-2EAC-CB5F-97E2A45D6CFF"/>
</indexColumnUsage>
</ind_PK_UK>
<ind_PK_UK id="9F6F326A-6D2A-5F53-0DCC-696C9619A886" name="Orden_De_Atencion_Vehiculos_FK">
<createdBy>sd</createdBy>
<createdTime>2024-09-02 04:26:10 UTC</createdTime>
<generatorID>456B3915-1B0F-DBDC-D25B-50051CA353F1</generatorID>
<ownerDesignName>cesar</ownerDesignName>
<indexState>Foreign Key</indexState>
<isSurrogateKey>false</isSurrogateKey>
<indexColumnUsage>
<colUsage columnID="D44694A2-2E95-D290-67FF-A8616EB9965F"/>
</indexColumnUsage>
</ind_PK_UK>
</indexes>
</Table>