<?xml version = '1.0' encoding = 'UTF-8'?>
<Table class="oracle.dbtools.crest.model.design.relational.Table" directorySegmentName="seg_0" id="0B1C013A-1EA8-3752-9BBC-80A74CE11890" name="Clientes">
<createdBy>sd</createdBy>
<createdTime>2024-09-02 04:08:59 UTC</createdTime>
<generatorID>0F30F929-D27F-18B2-14CC-21C060C51DF4</generatorID>
<ownerDesignName>cesar</ownerDesignName>
<allowColumnReorder>false</allowColumnReorder>
<existDependencyGenerateInDDl>true</existDependencyGenerateInDDl>
<parsed>true</parsed>
<columns itemClass="oracle.dbtools.crest.model.design.relational.Column">
<Column name="Rut" id="DE614E8F-28E1-3BDB-3A52-B6A032017FCE">
<createdBy>sd</createdBy>
<createdTime>2024-09-02 04:08:59 UTC</createdTime>
<generatorID>D8836584-8E04-0659-B0F1-1398A2733ED8</generatorID>
<ownerDesignName>cesar</ownerDesignName>
<useDomainConstraints>false</useDomainConstraints>
<use>1</use>
<logicalDatatype>LOGDT019</logicalDatatype>
<ownDataTypeParameters>,,</ownDataTypeParameters>
<autoIncrementCycle>false</autoIncrementCycle>
</Column>
<Column name="Nombres" id="883F2817-71D8-1D3A-1374-99D0EEFB7045">
<createdBy>sd</createdBy>
<createdTime>2024-09-02 04:08:59 UTC</createdTime>
<generatorID>27525D33-FBC5-1FF7-622A-6CC149BC5D33</generatorID>
<ownerDesignName>cesar</ownerDesignName>
<nullsAllowed>true</nullsAllowed>
<useDomainConstraints>false</useDomainConstraints>
<use>1</use>
<logicalDatatype>LOGDT024</logicalDatatype>
<dataTypeSize>100 CHAR</dataTypeSize>
<ownDataTypeParameters>100 CHAR,,</ownDataTypeParameters>
<autoIncrementCycle>false</autoIncrementCycle>
</Column>
<Column name="Apellidos" id="F7C25BEB-7E40-EE80-EA81-8F6DB94F2710">
<createdBy>sd</createdBy>
<createdTime>2024-09-02 04:08:59 UTC</createdTime>
<generatorID>D09786DD-11C6-137D-DD1F-7D2D24337FD5</generatorID>
<ownerDesignName>cesar</ownerDesignName>
<nullsAllowed>true</nullsAllowed>
<useDomainConstraints>false</useDomainConstraints>
<use>1</use>
<logicalDatatype>LOGDT024</logicalDatatype>
<dataTypeSize>100 CHAR</dataTypeSize>
<ownDataTypeParameters>100 CHAR,,</ownDataTypeParameters>
<autoIncrementCycle>false</autoIncrementCycle>
</Column>
<Column name="Domicilio" id="ABF77D9C-0978-7E95-DA04-75764B98F303">
<createdBy>sd</createdBy>
<createdTime>2024-09-02 04:08:59 UTC</createdTime>
<generatorID>3121D1A1-52D4-B987-4F44-85898A083014</generatorID>
<ownerDesignName>cesar</ownerDesignName>
<nullsAllowed>true</nullsAllowed>
<useDomainConstraints>false</useDomainConstraints>
<use>1</use>
<logicalDatatype>LOGDT024</logicalDatatype>
<dataTypeSize>100 CHAR</dataTypeSize>
<ownDataTypeParameters>100 CHAR,,</ownDataTypeParameters>
<autoIncrementCycle>false</autoIncrementCycle>
</Column>
<Column name="Contacto" id="98916ECB-8811-0E06-4C5E-69909F01ACAB">
<createdBy>sd</createdBy>
<createdTime>2024-09-02 04:08:59 UTC</createdTime>
<generatorID>21B6B0AE-E25E-48C8-1234-03A46ED8FAC1</generatorID>
<ownerDesignName>cesar</ownerDesignName>
<nullsAllowed>true</nullsAllowed>
<useDomainConstraints>false</useDomainConstraints>
<use>1</use>
<logicalDatatype>LOGDT024</logicalDatatype>
<dataTypeSize>100 CHAR</dataTypeSize>
<ownDataTypeParameters>100 CHAR,,</ownDataTypeParameters>
<autoIncrementCycle>false</autoIncrementCycle>
</Column>
</columns>
<indexes itemClass="oracle.dbtools.crest.model.design.relational.Index">
<ind_PK_UK id="E8A355D6-B66B-D883-4F43-34FD533AC682" name="Clientes_PK">
<createdBy>sd</createdBy>
<createdTime>2024-09-02 04:08:59 UTC</createdTime>
<generatorID>73C593BC-ABE5-9F3D-C137-D0C72C88AFA6</generatorID>
<ownerDesignName>cesar</ownerDesignName>
<pk>true</pk>
<indexState>Primary Constraint</indexState>
<isSurrogateKey>false</isSurrogateKey>
<indexColumnUsage>
<colUsage columnID="DE614E8F-28E1-3BDB-3A52-B6A032017FCE"/>
</indexColumnUsage>
</ind_PK_UK>
</indexes>
</Table>