<?xml version = '1.0' encoding = 'UTF-8'?>
<Table class="oracle.dbtools.crest.model.design.relational.Table" directorySegmentName="seg_0" id="4DC0249B-EDC3-12F5-DD02-3EE7350AB2E3" name="Servi_Repuesto">
<createdBy>sd</createdBy>
<createdTime>2024-09-02 04:08:59 UTC</createdTime>
<generatorID>38423005-4733-97FF-793E-6C884216E1A8</generatorID>
<ownerDesignName>cesar</ownerDesignName>
<allowColumnReorder>false</allowColumnReorder>
<existDependencyGenerateInDDl>true</existDependencyGenerateInDDl>
<parsed>true</parsed>
<columns itemClass="oracle.dbtools.crest.model.design.relational.Column">
<Column name="Cantidades" id="8898C5E3-91DB-BBC6-490D-F103B65CA56D">
<createdBy>sd</createdBy>
<createdTime>2024-09-02 04:08:59 UTC</createdTime>
<generatorID>9ECB2DB4-2FD7-6FF4-8946-2651E6445476</generatorID>
<ownerDesignName>cesar</ownerDesignName>
<nullsAllowed>true</nullsAllowed>
<useDomainConstraints>false</useDomainConstraints>
<use>1</use>
<logicalDatatype>LOGDT019</logicalDatatype>
<ownDataTypeParameters>,,</ownDataTypeParameters>
<autoIncrementCycle>false</autoIncrementCycle>
</Column>
<Column name="Servi_Repuesto_ID" id="98A8BE9B-84BC-5101-7C4D-3C2FAF932862">
<createdBy>sd</createdBy>
<createdTime>2024-09-02 04:08:59 UTC</createdTime>
<ownerDesignName>cesar</ownerDesignName>
<useDomainConstraints>false</useDomainConstraints>
<use>1</use>
<logicalDatatype>LOGDT019</logicalDatatype>
<ownDataTypeParameters>,,</ownDataTypeParameters>
<autoIncrementColumn>true</autoIncrementColumn>
<identityColumn>true</identityColumn>
<autoIncrementCycle>false</autoIncrementCycle>
<isSurrogateColumn>true</isSurrogateColumn>
</Column>
<Column name="Id_Servicio" id="4F143FF5-2544-A193-0442-E9E679CA0ACE">
<createdBy>sd</createdBy>
<createdTime>2024-09-02 04:26:10 UTC</createdTime>
<generatorID>DADF2B08-5737-B944-F47A-F6A92F2F4F72</generatorID>
<ownerDesignName>cesar</ownerDesignName>
<useDomainConstraints>false</useDomainConstraints>
<use>1</use>
<logicalDatatype>LOGDT024</logicalDatatype>
<dataTypeSize>100 CHAR</dataTypeSize>
<ownDataTypeParameters>100 CHAR,,</ownDataTypeParameters>
<autoIncrementCycle>false</autoIncrementCycle>
</Column>
<Column name="Id_Repuesto" id="2E9814B8-8DDE-366B-0AB6-BF777569FDFF">
<createdBy>sd</createdBy>
<createdTime>2024-09-02 04:26:10 UTC</createdTime>
<generatorID>8F6C4D72-6BD1-8B26-75CF-205959A875A4</generatorID>
<ownerDesignName>cesar</ownerDesignName>
<useDomainConstraints>false</useDomainConstraints>
<use>1</use>
<logicalDatatype>LOGDT024</logicalDatatype>
<dataTypeSize>100 CHAR</dataTypeSize>
<ownDataTypeParameters>100 CHAR,,</ownDataTypeParameters>
<autoIncrementCycle>false</autoIncrementCycle>
</Column>
</columns>
<indexes itemClass="oracle.dbtools.crest.model.design.relational.Index">
<ind_PK_UK id="A45FD598-D40B-C772-32F9-6E8376918D55" name="Servi_Repuesto_PKv2">
<createdBy>sd</createdBy>
<createdTime>2024-09-02 04:26:10 UTC</createdTime>
<generatorID>47424252-DCC9-A69D-C542-0D338DFCFBB5</generatorID>
<ownerDesignName>cesar</ownerDesignName>
<pk>true</pk>
<indexState>Primary Constraint</indexState>
<isSurrogateKey>false</isSurrogateKey>
</ind_PK_UK>
<ind_PK_UK id="97B20EEB-BDDD-4127-7C19-CF3EA41C1EA8" name="Servi_Repuesto_PK">
<createdBy>sd</createdBy>
<createdTime>2024-09-02 04:08:59 UTC</createdTime>
<ownerDesignName>cesar</ownerDesignName>
<indexState>Unique Constraint</indexState>
<indexColumnUsage>
<colUsage columnID="98A8BE9B-84BC-5101-7C4D-3C2FAF932862"/>
</indexColumnUsage>
</ind_PK_UK>
</indexes>
</Table>