<?xml version = '1.0' encoding = 'UTF-8'?>
<Table class="oracle.dbtools.crest.model.design.relational.Table" directorySegmentName="seg_0" id="65DD4D39-2E91-7341-24B6-1A333DD9D239" name="Repuestos">
<createdBy>sd</createdBy>
<createdTime>2024-09-02 04:08:59 UTC</createdTime>
<generatorID>46ACA963-9FC9-9049-7CE0-7EB8E98E781D</generatorID>
<ownerDesignName>cesar</ownerDesignName>
<allowColumnReorder>false</allowColumnReorder>
<existDependencyGenerateInDDl>true</existDependencyGenerateInDDl>
<parsed>true</parsed>
<columns itemClass="oracle.dbtools.crest.model.design.relational.Column">
<Column name="Id_Repuesto" id="943FB149-7B98-4513-1E59-A1153166CB7D">
<createdBy>sd</createdBy>
<createdTime>2024-09-02 04:08:59 UTC</createdTime>
<generatorID>1C84FADB-DF11-80B2-468F-37B2164D14DD</generatorID>
<ownerDesignName>cesar</ownerDesignName>
<useDomainConstraints>false</useDomainConstraints>
<use>1</use>
<logicalDatatype>LOGDT024</logicalDatatype>
<dataTypeSize>100 CHAR</dataTypeSize>
<ownDataTypeParameters>100 CHAR,,</ownDataTypeParameters>
<autoIncrementCycle>false</autoIncrementCycle>
</Column>
<Column name="Nombre_Repuesto" id="1C4C15E1-9945-C14D-57AF-B587E630DE0A">
<createdBy>sd</createdBy>
<createdTime>2024-09-02 04:08:59 UTC</createdTime>
<generatorID>0C6B198A-BFC5-442C-1F06-1F2D83BC46C2</generatorID>
<ownerDesignName>cesar</ownerDesignName>
<nullsAllowed>true</nullsAllowed>
<useDomainConstraints>false</useDomainConstraints>
<use>1</use>
<logicalDatatype>LOGDT024</logicalDatatype>
<dataTypeSize>100 CHAR</dataTypeSize>
<ownDataTypeParameters>100 CHAR,,</ownDataTypeParameters>
<autoIncrementCycle>false</autoIncrementCycle>
</Column>
<Column name="Cantidades" id="7E5CD76E-8501-6EBF-84AB-65B8039C75CF">
<createdBy>sd</createdBy>
<createdTime>2024-09-02 04:08:59 UTC</createdTime>
<generatorID>0DAF99B4-4D0C-CA96-8798-A5C0A5CE141F</generatorID>
<ownerDesignName>cesar</ownerDesignName>
<nullsAllowed>true</nullsAllowed>
<useDomainConstraints>false</useDomainConstraints>
<use>1</use>
<logicalDatatype>LOGDT019</logicalDatatype>
<ownDataTypeParameters>,,</ownDataTypeParameters>
<autoIncrementCycle>false</autoIncrementCycle>
</Column>
<Column name="Costo_Repuesto" id="E71E10BE-8773-BD09-AD2B-1FF69281EE29">
<createdBy>sd</createdBy>
<createdTime>2024-09-02 04:08:59 UTC</createdTime>
<generatorID>8A64EAF9-7936-1134-85E8-DDA2A4F92358</generatorID>
<ownerDesignName>cesar</ownerDesignName>
<nullsAllowed>true</nullsAllowed>
<useDomainConstraints>false</useDomainConstraints>
<use>1</use>
<logicalDatatype>LOGDT026</logicalDatatype>
<ownDataTypeParameters>,,</ownDataTypeParameters>
<autoIncrementCycle>false</autoIncrementCycle>
</Column>
</columns>
<indexes itemClass="oracle.dbtools.crest.model.design.relational.Index">
<ind_PK_UK id="AD05B4F2-DC28-1220-D192-ADDC4DD4CE49" name="Repuestos_PK">
<createdBy>sd</createdBy>
<createdTime>2024-09-02 04:08:59 UTC</createdTime>
<generatorID>D0F2E6C3-319B-4C31-2070-69A020A2A8BF</generatorID>
<ownerDesignName>cesar</ownerDesignName>
<pk>true</pk>
<indexState>Primary Constraint</indexState>
<isSurrogateKey>false</isSurrogateKey>
<indexColumnUsage>
<colUsage columnID="943FB149-7B98-4513-1E59-A1153166CB7D"/>
</indexColumnUsage>
</ind_PK_UK>
</indexes>
</Table>