<?xml version = '1.0' encoding = 'UTF-8'?>
<Table class="oracle.dbtools.crest.model.design.relational.Table" directorySegmentName="seg_0" id="687BB548-B40E-8956-B0C0-C27B39BE8C08" name="Relacion5">
<createdBy>sd</createdBy>
<createdTime>2024-09-02 04:28:03 UTC</createdTime>
<ownerDesignName>cesar</ownerDesignName>
<allowColumnReorder>false</allowColumnReorder>
<existDependencyGenerateInDDl>true</existDependencyGenerateInDDl>
<parsed>true</parsed>
<columns itemClass="oracle.dbtools.crest.model.design.relational.Column">
<Column name="Repuestos_Id_Repuesto" id="89291AF7-06AC-7FF6-1720-50BEB2CFDA94">
<createdBy>sd</createdBy>
<createdTime>2024-09-02 04:28:03 UTC</createdTime>
<ownerDesignName>cesar</ownerDesignName>
<useDomainConstraints>false</useDomainConstraints>
<use>1</use>
<logicalDatatype>LOGDT024</logicalDatatype>
<dataTypeSize>100 CHAR</dataTypeSize>
<ownDataTypeParameters>,,</ownDataTypeParameters>
<previousColumn>false</previousColumn>
<autoIncrementCycle>false</autoIncrementCycle>
<associations>
<colAssociation fkAssociation="7B04450E-449E-ED70-E9E0-567CFC82BFF3" referredColumn="943FB149-7B98-4513-1E59-A1153166CB7D"/>
</associations>
</Column>
<Column name="Servi_Repuesto_Id_Servicio" id="2BFADBC8-AF1D-8D63-C8FE-A5E50398DB5A">
<createdBy>sd</createdBy>
<createdTime>2024-09-02 04:28:03 UTC</createdTime>
<ownerDesignName>cesar</ownerDesignName>
<useDomainConstraints>false</useDomainConstraints>
<use>1</use>
<logicalDatatype>LOGDT024</logicalDatatype>
<dataTypeSize>100 CHAR</dataTypeSize>
<ownDataTypeParameters>,,</ownDataTypeParameters>
<previousColumn>false</previousColumn>
<autoIncrementCycle>false</autoIncrementCycle>
<associations>
<colAssociation fkAssociation="5DB7C136-48AE-70C6-7594-E007CFC5FA44" referredColumn="4F143FF5-2544-A193-0442-E9E679CA0ACE"/>
</associations>
</Column>
<Column name="Servi_Repuesto_Id_Repuesto" id="FBA80401-2029-510A-9565-0805B37B4E55">
<createdBy>sd</createdBy>
<createdTime>2024-09-02 04:28:03 UTC</createdTime>
<ownerDesignName>cesar</ownerDesignName>
<useDomainConstraints>false</useDomainConstraints>
<use>1</use>
<logicalDatatype>LOGDT024</logicalDatatype>
<dataTypeSize>100 CHAR</dataTypeSize>
<ownDataTypeParameters>,,</ownDataTypeParameters>
<previousColumn>false</previousColumn>
<autoIncrementCycle>false</autoIncrementCycle>
<associations>
<colAssociation fkAssociation="5DB7C136-48AE-70C6-7594-E007CFC5FA44" referredColumn="2E9814B8-8DDE-366B-0AB6-BF777569FDFF"/>
</associations>
</Column>
</columns>
<indexes itemClass="oracle.dbtools.crest.model.design.relational.Index">
<ind_PK_UK id="2D4773C7-933C-584C-900E-145BE36E78ED" name="Relacion5_PK">
<createdBy>sd</createdBy>
<createdTime>2024-09-02 04:28:03 UTC</createdTime>
<ownerDesignName>cesar</ownerDesignName>
<pk>true</pk>
<indexState>Primary Constraint</indexState>
<isSurrogateKey>false</isSurrogateKey>
<indexColumnUsage>
<colUsage columnID="89291AF7-06AC-7FF6-1720-50BEB2CFDA94"/>
<colUsage columnID="2BFADBC8-AF1D-8D63-C8FE-A5E50398DB5A"/>
<colUsage columnID="FBA80401-2029-510A-9565-0805B37B4E55"/>
</indexColumnUsage>
</ind_PK_UK>
<ind_PK_UK id="FC0E79F3-4FAF-BAED-4133-E64D36C31DA2" name="Relacion5_Repuestos_FK">
<createdBy>sd</createdBy>
<createdTime>2024-09-02 04:28:03 UTC</createdTime>
<generatorID>5460E4D6-A825-1ED7-A2FD-927F00F880EC</generatorID>
<ownerDesignName>cesar</ownerDesignName>
<indexState>Foreign Key</indexState>
<isSurrogateKey>false</isSurrogateKey>
<indexColumnUsage>
<colUsage columnID="89291AF7-06AC-7FF6-1720-50BEB2CFDA94"/>
</indexColumnUsage>
</ind_PK_UK>
<ind_PK_UK id="57860F73-CFDE-F275-EA27-1FABB0061741" name="Relacion5_Servi_Repuesto_FK">
<createdBy>sd</createdBy>
<createdTime>2024-09-02 04:28:03 UTC</createdTime>
<generatorID>5460E4D6-A825-1ED7-A2FD-927F00F880EC</generatorID>
<ownerDesignName>cesar</ownerDesignName>
<indexState>Foreign Key</indexState>
<isSurrogateKey>false</isSurrogateKey>
<indexColumnUsage>
<colUsage columnID="2BFADBC8-AF1D-8D63-C8FE-A5E50398DB5A"/>
<colUsage columnID="FBA80401-2029-510A-9565-0805B37B4E55"/>
</indexColumnUsage>
</ind_PK_UK>
</indexes>
</Table>