<?xml version = '1.0' encoding = 'UTF-8'?>
<Table class="oracle.dbtools.crest.model.design.relational.Table" directorySegmentName="seg_0" id="9817D5BD-7C01-9F0F-8222-07D9610366DE" name="Relacion4">
<createdBy>sd</createdBy>
<createdTime>2024-09-02 04:26:10 UTC</createdTime>
<ownerDesignName>cesar</ownerDesignName>
<allowColumnReorder>false</allowColumnReorder>
<existDependencyGenerateInDDl>true</existDependencyGenerateInDDl>
<parsed>true</parsed>
<columns itemClass="oracle.dbtools.crest.model.design.relational.Column">
<Column name="Servicios_Id_Servicio" id="F99802E6-6932-E3CA-EF56-F760C5455DB4">
<createdBy>sd</createdBy>
<createdTime>2024-09-02 04:26:10 UTC</createdTime>
<ownerDesignName>cesar</ownerDesignName>
<useDomainConstraints>false</useDomainConstraints>
<use>1</use>
<logicalDatatype>LOGDT024</logicalDatatype>
<dataTypeSize>100 CHAR</dataTypeSize>
<ownDataTypeParameters>,,</ownDataTypeParameters>
<previousColumn>false</previousColumn>
<autoIncrementCycle>false</autoIncrementCycle>
<associations>
<colAssociation fkAssociation="A790BE49-0193-7037-C5DD-06C47FF98DBB" referredColumn="F0A7D072-A23A-C52C-8703-D4AA94A81224"/>
</associations>
</Column>
<Column name="Servi_Repuesto_Servi_Repuesto_ID" id="A152845E-1EFB-5465-F937-ECC3A7322349">
<createdBy>sd</createdBy>
<createdTime>2024-09-02 04:26:10 UTC</createdTime>
<ownerDesignName>cesar</ownerDesignName>
<useDomainConstraints>false</useDomainConstraints>
<use>1</use>
<logicalDatatype>LOGDT019</logicalDatatype>
<ownDataTypeParameters>,,</ownDataTypeParameters>
<previousColumn>false</previousColumn>
<autoIncrementCycle>false</autoIncrementCycle>
<associations>
<colAssociation fkAssociation="143BDD4A-ECCF-DA7A-7A49-F95A3345C5C3" referredColumn="98A8BE9B-84BC-5101-7C4D-3C2FAF932862"/>
</associations>
</Column>
<Column name="Servi_Repuesto_Id_Servicio" id="121AEBC5-D5C6-BEFE-222C-9108B09E9ABC">
<createdBy>sd</createdBy>
<createdTime>2024-09-02 04:28:03 UTC</createdTime>
<ownerDesignName>cesar</ownerDesignName>
<useDomainConstraints>false</useDomainConstraints>
<use>1</use>
<logicalDatatype>LOGDT024</logicalDatatype>
<dataTypeSize>100 CHAR</dataTypeSize>
<ownDataTypeParameters>,,</ownDataTypeParameters>
<previousColumn>false</previousColumn>
<autoIncrementCycle>false</autoIncrementCycle>
<associations>
<colAssociation fkAssociation="2C9A5A13-75D4-2E9F-88E0-6A118190F907" referredColumn="4F143FF5-2544-A193-0442-E9E679CA0ACE"/>
</associations>
</Column>
<Column name="Servi_Repuesto_Id_Repuesto" id="B50C183D-FCA2-36FF-172F-607286813A47">
<createdBy>sd</createdBy>
<createdTime>2024-09-02 04:28:03 UTC</createdTime>
<ownerDesignName>cesar</ownerDesignName>
<useDomainConstraints>false</useDomainConstraints>
<use>1</use>
<logicalDatatype>LOGDT024</logicalDatatype>
<dataTypeSize>100 CHAR</dataTypeSize>
<ownDataTypeParameters>,,</ownDataTypeParameters>
<previousColumn>false</previousColumn>
<autoIncrementCycle>false</autoIncrementCycle>
<associations>
<colAssociation fkAssociation="2C9A5A13-75D4-2E9F-88E0-6A118190F907" referredColumn="2E9814B8-8DDE-366B-0AB6-BF777569FDFF"/>
</associations>
</Column>
</columns>
<indexes itemClass="oracle.dbtools.crest.model.design.relational.Index">
<ind_PK_UK id="B5B17726-4123-EBF1-A99C-BC244C0AFC34" name="Relation_34_PK">
<createdBy>sd</createdBy>
<createdTime>2024-09-02 04:26:10 UTC</createdTime>
<ownerDesignName>cesar</ownerDesignName>
<pk>true</pk>
<indexState>Primary Constraint</indexState>
<isSurrogateKey>false</isSurrogateKey>
<indexColumnUsage>
<colUsage columnID="F99802E6-6932-E3CA-EF56-F760C5455DB4"/>
<colUsage columnID="A152845E-1EFB-5465-F937-ECC3A7322349"/>
<colUsage columnID="121AEBC5-D5C6-BEFE-222C-9108B09E9ABC"/>
<colUsage columnID="B50C183D-FCA2-36FF-172F-607286813A47"/>
</indexColumnUsage>
</ind_PK_UK>
<ind_PK_UK id="7B5EAD78-E6E6-6A14-B78A-5C8D2B9B085A" name="Relation_34_Servicios_FK">
<createdBy>sd</createdBy>
<createdTime>2024-09-02 04:26:10 UTC</createdTime>
<generatorID>D69E228E-179A-D73D-5DA0-E023FFCFF96E</generatorID>
<ownerDesignName>cesar</ownerDesignName>
<indexState>Foreign Key</indexState>
<isSurrogateKey>false</isSurrogateKey>
<indexColumnUsage>
<colUsage columnID="F99802E6-6932-E3CA-EF56-F760C5455DB4"/>
</indexColumnUsage>
</ind_PK_UK>
<ind_PK_UK id="AB17FB49-F753-D3FD-3F35-94BEE7B0EBD7" name="Relation_34_Servi_Repuesto_FK">
<createdBy>sd</createdBy>
<createdTime>2024-09-02 04:26:10 UTC</createdTime>
<generatorID>D69E228E-179A-D73D-5DA0-E023FFCFF96E</generatorID>
<ownerDesignName>cesar</ownerDesignName>
<indexState>Foreign Key</indexState>
<isSurrogateKey>false</isSurrogateKey>
<indexColumnUsage>
<colUsage columnID="A152845E-1EFB-5465-F937-ECC3A7322349"/>
</indexColumnUsage>
</ind_PK_UK>
<ind_PK_UK id="1E6A6E12-EA6A-33E2-FCFE-EC8419C35606" name="Relation_34_Servi_Repuesto_FKv1">
<createdBy>sd</createdBy>
<createdTime>2024-09-02 04:28:03 UTC</createdTime>
<generatorID>D69E228E-179A-D73D-5DA0-E023FFCFF96E</generatorID>
<ownerDesignName>cesar</ownerDesignName>
<indexState>Foreign Key</indexState>
<isSurrogateKey>false</isSurrogateKey>
<indexColumnUsage>
<colUsage columnID="121AEBC5-D5C6-BEFE-222C-9108B09E9ABC"/>
<colUsage columnID="B50C183D-FCA2-36FF-172F-607286813A47"/>
</indexColumnUsage>
</ind_PK_UK>
</indexes>
</Table>