<?xml version = '1.0' encoding = 'UTF-8'?>
<Table class="oracle.dbtools.crest.model.design.relational.Table" directorySegmentName="seg_0" id="F5C3B293-B681-BDF5-BF67-A4175B0721ED" name="Vehiculos">
<createdBy>sd</createdBy>
<createdTime>2024-09-02 04:08:59 UTC</createdTime>
<generatorID>A6A37D85-E04A-B0DF-6BC2-2F2B89AFDA14</generatorID>
<ownerDesignName>cesar</ownerDesignName>
<allowColumnReorder>false</allowColumnReorder>
<existDependencyGenerateInDDl>true</existDependencyGenerateInDDl>
<parsed>true</parsed>
<columns itemClass="oracle.dbtools.crest.model.design.relational.Column">
<Column name="Patente" id="B36CAAC1-2A97-B09F-AC3D-5078574AB098">
<createdBy>sd</createdBy>
<createdTime>2024-09-02 04:08:59 UTC</createdTime>
<generatorID>29995970-FA6D-1FF1-7D65-251F637389A9</generatorID>
<ownerDesignName>cesar</ownerDesignName>
<useDomainConstraints>false</useDomainConstraints>
<use>1</use>
<logicalDatatype>LOGDT024</logicalDatatype>
<dataTypeSize>100 CHAR</dataTypeSize>
<ownDataTypeParameters>100 CHAR,,</ownDataTypeParameters>
<autoIncrementCycle>false</autoIncrementCycle>
</Column>
<Column name="Marca" id="462FD292-AB45-AC72-BC73-EE06ADF2A19D">
<createdBy>sd</createdBy>
<createdTime>2024-09-02 04:08:59 UTC</createdTime>
<generatorID>5EF4AACC-0E61-5E47-AB93-227952110F06</generatorID>
<ownerDesignName>cesar</ownerDesignName>
<nullsAllowed>true</nullsAllowed>
<useDomainConstraints>false</useDomainConstraints>
<use>1</use>
<logicalDatatype>LOGDT024</logicalDatatype>
<dataTypeSize>100 CHAR</dataTypeSize>
<ownDataTypeParameters>100 CHAR,,</ownDataTypeParameters>
<autoIncrementCycle>false</autoIncrementCycle>
</Column>
<Column name="Modelo" id="4E41025D-E69D-7613-14CE-826CD0A801BA">
<createdBy>sd</createdBy>
<createdTime>2024-09-02 04:08:59 UTC</createdTime>
<generatorID>B71DCE85-AF63-9C3E-D36F-58551DA6F22B</generatorID>
<ownerDesignName>cesar</ownerDesignName>
<nullsAllowed>true</nullsAllowed>
<useDomainConstraints>false</useDomainConstraints>
<use>1</use>
<logicalDatatype>LOGDT024</logicalDatatype>
<dataTypeSize>100 CHAR</dataTypeSize>
<ownDataTypeParameters>100 CHAR,,</ownDataTypeParameters>
<autoIncrementCycle>false</autoIncrementCycle>
</Column>
<Column name="Año" id="B914208F-1522-D59F-930B-DE3AFEDE1AF2">
<createdBy>sd</createdBy>
<createdTime>2024-09-02 04:08:59 UTC</createdTime>
<generatorID>02830675-B00B-C5E4-1791-D98CA4284428</generatorID>
<ownerDesignName>cesar</ownerDesignName>
<nullsAllowed>true</nullsAllowed>
<useDomainConstraints>false</useDomainConstraints>
<use>1</use>
<logicalDatatype>LOGDT019</logicalDatatype>
<ownDataTypeParameters>,,</ownDataTypeParameters>
<autoIncrementCycle>false</autoIncrementCycle>
</Column>
<Column name="Color" id="278DBFB7-03F4-DD11-1784-1D3DB065CEAD">
<createdBy>sd</createdBy>
<createdTime>2024-09-02 04:08:59 UTC</createdTime>
<generatorID>EA6ED275-0908-0B17-061B-6D7417FF9E37</generatorID>
<ownerDesignName>cesar</ownerDesignName>
<nullsAllowed>true</nullsAllowed>
<useDomainConstraints>false</useDomainConstraints>
<use>1</use>
<logicalDatatype>LOGDT024</logicalDatatype>
<dataTypeSize>100 CHAR</dataTypeSize>
<ownDataTypeParameters>100 CHAR,,</ownDataTypeParameters>
<autoIncrementCycle>false</autoIncrementCycle>
</Column>
<Column name="Clientes_Rut" id="A7F7A447-0F46-A84C-FEED-EFDE261E78BC">
<createdBy>sd</createdBy>
<createdTime>2024-09-02 04:26:10 UTC</createdTime>
<generatorID>B2548D1C-1D34-6438-B9ED-85CC3392C7D8</generatorID>
<ownerDesignName>cesar</ownerDesignName>
<useDomainConstraints>false</useDomainConstraints>
<use>1</use>
<logicalDatatype>LOGDT019</logicalDatatype>
<ownDataTypeParameters>,,</ownDataTypeParameters>
<previousColumn>false</previousColumn>
<autoIncrementCycle>false</autoIncrementCycle>
<associations>
<colAssociation fkAssociation="D78E9EB0-17C0-AEFC-412D-38917BF7C941" referredColumn="DE614E8F-28E1-3BDB-3A52-B6A032017FCE"/>
</associations>
</Column>
</columns>
<indexes itemClass="oracle.dbtools.crest.model.design.relational.Index">
<ind_PK_UK id="458776AC-A002-0636-C8D6-B6D91CD3C8CB" name="Vehiculos_PK">
<createdBy>sd</createdBy>
<createdTime>2024-09-02 04:08:59 UTC</createdTime>
<generatorID>8BBA42FB-C5D5-3907-7DA6-3BFC85B70511</generatorID>
<ownerDesignName>cesar</ownerDesignName>
<pk>true</pk>
<indexState>Primary Constraint</indexState>
<isSurrogateKey>false</isSurrogateKey>
<indexColumnUsage>
<colUsage columnID="B36CAAC1-2A97-B09F-AC3D-5078574AB098"/>
</indexColumnUsage>
</ind_PK_UK>
<ind_PK_UK id="F80307F6-6DD8-B832-EC2E-4DE303FD165B" name="Vehiculos_Clientes_FK">
<createdBy>sd</createdBy>
<createdTime>2024-09-02 04:26:10 UTC</createdTime>
<generatorID>2C91068B-AD58-F008-4C1D-EE5497268F5E</generatorID>
<ownerDesignName>cesar</ownerDesignName>
<indexState>Foreign Key</indexState>
<isSurrogateKey>false</isSurrogateKey>
<indexColumnUsage>
<colUsage columnID="A7F7A447-0F46-A84C-FEED-EFDE261E78BC"/>
</indexColumnUsage>
</ind_PK_UK>
</indexes>
</Table>