<?xml version = '1.0' encoding = 'UTF-8'?>
<Diagram class="oracle.dbtools.crest.swingui.logical.DPVLogical" name="Logical" id="2D641F3F-4B90-5978-1AB7-5AB359651803">
<createdBy>sd</createdBy>
<modifiedBy>sd</modifiedBy>
<createdTime>2024-09-02 01:00:24 UTC</createdTime>
<autoRoute>false</autoRoute>
<boxInbox>true</boxInbox>
<showLegend>false</showLegend>
<showLabels>false</showLabels>
<showRelAttributes>false</showRelAttributes>
<gridEnabled>false</gridEnabled>
<showGrid>false</showGrid>
<diagramColor>-1</diagramColor>
<display>false</display>
<notation>1</notation>
<objectViews>
<OView class="oracle.dbtools.crest.swingui.logical.TVEntity" oid="0F30F929-D27F-18B2-14CC-21C060C51DF4" otype="Entity" vid="D7BB3F2A-2C46-328C-F930-71229111B362">
<hideElementsInCurrentOnly>false</hideElementsInCurrentOnly>
<bounds x="64" y="16" width="127" height="111"/>
</OView>
<OView class="oracle.dbtools.crest.swingui.TVNote" oid="143EDA7D-D09F-30F8-7978-C0CEB7300711" otype="Note" vid="A68535B7-7D1A-AB77-DE9A-12AF39D34E34">
<hideElementsInCurrentOnly>false</hideElementsInCurrentOnly>
<bounds x="37" y="195" width="95" height="40"/>
<comment>Haga clic dos veces para 
editar el texto.</comment>
</OView>
<OView class="oracle.dbtools.crest.swingui.TVNote" oid="35771067-2FB5-59E8-8E23-3CBAE44C8F89" otype="Note" vid="6677991D-D474-C3B6-7DCD-839304D9CE6F">
<hideElementsInCurrentOnly>false</hideElementsInCurrentOnly>
<bounds x="660" y="242" width="27" height="4"/>
<comment>Haga clic dos veces para 
editar el texto.</comment>
</OView>
<OView class="oracle.dbtools.crest.swingui.logical.TVEntity" oid="38423005-4733-97FF-793E-6C884216E1A8" otype="Entity" vid="9796B329-6A9A-F213-48FE-8C943B617999">
<hideElementsInCurrentOnly>false</hideElementsInCurrentOnly>
<bounds x="846" y="350" width="144" height="121"/>
</OView>
<OView class="oracle.dbtools.crest.swingui.logical.TVEntity" oid="46ACA963-9FC9-9049-7CE0-7EB8E98E781D" otype="Entity" vid="329E535B-1088-A710-67C2-983A5ADFA7A0">
<hideElementsInCurrentOnly>false</hideElementsInCurrentOnly>
<bounds x="890" y="10" width="122" height="107"/>
</OView>
<OView class="oracle.dbtools.crest.swingui.logical.TVEntity" oid="48ED29BE-1836-D00F-F3FF-2239ADEBB685" otype="Entity" vid="C549E277-EAF6-D8E2-4040-181383DDFDD8">
<hideElementsInCurrentOnly>false</hideElementsInCurrentOnly>
<bounds x="659" y="344" width="111" height="105"/>
</OView>
<OView class="oracle.dbtools.crest.swingui.TVNote" oid="9A935C39-17EF-F277-87C6-DB3B3989CCFE" otype="Note" vid="10421CC6-CD50-EFCD-D633-F39798FAEEC7">
<hideElementsInCurrentOnly>false</hideElementsInCurrentOnly>
<bounds x="452" y="0" width="146" height="65"/>
<comment>Relacion uno a Muchos un vehiculo puede tener muchas ordenes de atencion</comment>
</OView>
<OView class="oracle.dbtools.crest.swingui.TVNote" oid="A68E909F-BD90-B726-A2E7-0D786EADDCAD" otype="Note" vid="C0F9274B-59FC-647B-3DE0-A4EBF4E38BA0">
<hideElementsInCurrentOnly>false</hideElementsInCurrentOnly>
<bounds x="530" y="267" width="148" height="58"/>
<comment>Relacion uno a muchos una orden de atencion puede tener muchos servicios</comment>
</OView>
<OView class="oracle.dbtools.crest.swingui.logical.TVEntity" oid="A6A37D85-E04A-B0DF-6BC2-2F2B89AFDA14" otype="Entity" vid="E316B240-49AC-6BDD-0CAF-68129E2A8D6B">
<hideElementsInCurrentOnly>false</hideElementsInCurrentOnly>
<bounds x="314" y="19" width="123" height="108"/>
</OView>
<OView class="oracle.dbtools.crest.swingui.TVNote" oid="CF709015-7DA1-B2EF-695B-6151B1FC0AB8" otype="Note" vid="8D8FA89E-9EBA-16C0-8BF3-132934AA33DC">
<hideElementsInCurrentOnly>false</hideElementsInCurrentOnly>
<bounds x="757" y="157" width="1" height="1"/>
<comment>Haga clic dos veces para 
editar el texto.</comment>
</OView>
<OView class="oracle.dbtools.crest.swingui.TVNote" oid="D233A274-CA89-7746-A868-043D0BD78A2C" otype="Note" vid="04DC6CD2-F0B6-9E6B-5B71-568505569B0C">
<hideElementsInCurrentOnly>false</hideElementsInCurrentOnly>
<bounds x="183" y="126" width="135" height="54"/>
<comment>Relacion uno a muchos Un cliente puede tener muchos Vehiculos</comment>
</OView>
<OView class="oracle.dbtools.crest.swingui.logical.TVEntity" oid="DD50164E-7730-EF91-A5AF-DCBDC847F9B0" otype="Entity" vid="644BA9C6-9202-5C01-3D8A-07D36D4F2F40">
<hideElementsInCurrentOnly>false</hideElementsInCurrentOnly>
<bounds x="627" y="0" width="139" height="122"/>
</OView>
<OView class="oracle.dbtools.crest.swingui.TVNote" oid="F0D39D17-A613-F261-E8B6-01CE97799688" otype="Note" vid="1A70A7AD-7803-9E6E-718A-B9DA6C726491">
<hideElementsInCurrentOnly>false</hideElementsInCurrentOnly>
<bounds x="797" y="190" width="151" height="65"/>
<comment>Relacion muchos a muchos servicios pueden tener muchos repuestos se usa entidad servi_Repuesto intermedia</comment>
</OView>
</objectViews>
<connectors>
<Connector class="oracle.dbtools.crest.swingui.logical.TVRelation" oid="0FA2CF08-EE6A-6AFE-49B3-5450044EDD52" otype="Relation" vid_source="C549E277-EAF6-D8E2-4040-181383DDFDD8" vid_target="9796B329-6A9A-F213-48FE-8C943B617999">
<hideElementsInCurrentOnly>false</hideElementsInCurrentOnly>
<backgroundColor>-16777216</backgroundColor>
<lineWidth>1</lineWidth>
<points>
<point x="770" y="429"/>
<point x="846" y="429"/>
</points>
</Connector>
<Connector class="oracle.dbtools.crest.swingui.logical.TVRelation" oid="2C91068B-AD58-F008-4C1D-EE5497268F5E" otype="Relation" vid_source="D7BB3F2A-2C46-328C-F930-71229111B362" vid_target="E316B240-49AC-6BDD-0CAF-68129E2A8D6B">
<hideElementsInCurrentOnly>false</hideElementsInCurrentOnly>
<backgroundColor>-16777216</backgroundColor>
<lineWidth>1</lineWidth>
<points>
<point x="191" y="73"/>
<point x="314" y="73"/>
</points>
</Connector>
<Connector class="oracle.dbtools.crest.swingui.logical.TVRelation" oid="456B3915-1B0F-DBDC-D25B-50051CA353F1" otype="Relation" vid_source="E316B240-49AC-6BDD-0CAF-68129E2A8D6B" vid_target="644BA9C6-9202-5C01-3D8A-07D36D4F2F40">
<hideElementsInCurrentOnly>false</hideElementsInCurrentOnly>
<backgroundColor>-16777216</backgroundColor>
<lineWidth>1</lineWidth>
<points>
<point x="437" y="70"/>
<point x="627" y="70"/>
</points>
</Connector>
<Connector class="oracle.dbtools.crest.swingui.logical.TVRelation" oid="C892031A-6832-784E-DA60-82B79D5C0D32" otype="Relation" vid_source="329E535B-1088-A710-67C2-983A5ADFA7A0" vid_target="9796B329-6A9A-F213-48FE-8C943B617999">
<hideElementsInCurrentOnly>false</hideElementsInCurrentOnly>
<backgroundColor>-16777216</backgroundColor>
<lineWidth>1</lineWidth>
<points>
<point x="955" y="117"/>
<point x="955" y="350"/>
</points>
</Connector>
<Connector class="oracle.dbtools.crest.swingui.logical.TVRelation" oid="DB8EDCE4-63ED-D175-FABF-DED69EA9772D" otype="Relation" vid_source="644BA9C6-9202-5C01-3D8A-07D36D4F2F40" vid_target="C549E277-EAF6-D8E2-4040-181383DDFDD8">
<hideElementsInCurrentOnly>false</hideElementsInCurrentOnly>
<backgroundColor>-16777216</backgroundColor>
<lineWidth>1</lineWidth>
<points>
<point x="697" y="122"/>
<point x="697" y="344"/>
</points>
</Connector>
</connectors>
</Diagram>