<?xml version = '1.0' encoding = 'UTF-8'?>
<Entity class="oracle.dbtools.crest.model.design.logical.Entity" directorySegmentName="seg_0" id="0F30F929-D27F-18B2-14CC-21C060C51DF4" name="Clientes">
<createdBy>sd</createdBy>
<createdTime>2024-09-02 03:42:52 UTC</createdTime>
<ownerDesignName>cesar</ownerDesignName>
<engineerTo>
<item key="BFF314FE-28D8-144B-77A5-7E30255F96F8" value="true"/>
</engineerTo>
<adequatelyNormalized>NO</adequatelyNormalized>
<expectedVolumes>0</expectedVolumes>
<fwdEngineeringStrategyName>Single Table</fwdEngineeringStrategyName>
<growthPercent>0</growthPercent>
<growthType>Year</growthType>
<maxVolumes>9999999</maxVolumes>
<minVolumes>0</minVolumes>
<normalForm>Third</normalForm>
<attributes itemClass="oracle.dbtools.crest.model.design.logical.Attribute">
<Attribute name="Rut" id="D8836584-8E04-0659-B0F1-1398A2733ED8">
<createdBy>sd</createdBy>
<createdTime>2024-09-02 03:43:26 UTC</createdTime>
<ownerDesignName>cesar</ownerDesignName>
<engineerTo>
<item key="BFF314FE-28D8-144B-77A5-7E30255F96F8" value="true"/>
</engineerTo>
<useDomainConstraints>false</useDomainConstraints>
<use>1</use>
<logicalDatatype>LOGDT019</logicalDatatype>
<ownDataTypeParameters>,,</ownDataTypeParameters>
</Attribute>
<Attribute name="Nombres" id="27525D33-FBC5-1FF7-622A-6CC149BC5D33">
<createdBy>sd</createdBy>
<createdTime>2024-09-02 03:43:26 UTC</createdTime>
<ownerDesignName>cesar</ownerDesignName>
<engineerTo>
<item key="BFF314FE-28D8-144B-77A5-7E30255F96F8" value="true"/>
</engineerTo>
<nullsAllowed>true</nullsAllowed>
<useDomainConstraints>false</useDomainConstraints>
<use>1</use>
<logicalDatatype>LOGDT024</logicalDatatype>
<dataTypeSize>100 CHAR</dataTypeSize>
<ownDataTypeParameters>100 CHAR,,</ownDataTypeParameters>
</Attribute>
<Attribute name="Apellidos" id="D09786DD-11C6-137D-DD1F-7D2D24337FD5">
<createdBy>sd</createdBy>
<createdTime>2024-09-02 03:43:27 UTC</createdTime>
<ownerDesignName>cesar</ownerDesignName>
<engineerTo>
<item key="BFF314FE-28D8-144B-77A5-7E30255F96F8" value="true"/>
</engineerTo>
<nullsAllowed>true</nullsAllowed>
<useDomainConstraints>false</useDomainConstraints>
<use>1</use>
<logicalDatatype>LOGDT024</logicalDatatype>
<dataTypeSize>100 CHAR</dataTypeSize>
<ownDataTypeParameters>100 CHAR,,</ownDataTypeParameters>
</Attribute>
<Attribute name="Domicilio" id="3121D1A1-52D4-B987-4F44-85898A083014">
<createdBy>sd</createdBy>
<createdTime>2024-09-02 03:43:27 UTC</createdTime>
<ownerDesignName>cesar</ownerDesignName>
<engineerTo>
<item key="BFF314FE-28D8-144B-77A5-7E30255F96F8" value="true"/>
</engineerTo>
<nullsAllowed>true</nullsAllowed>
<useDomainConstraints>false</useDomainConstraints>
<use>1</use>
<logicalDatatype>LOGDT024</logicalDatatype>
<dataTypeSize>100 CHAR</dataTypeSize>
<ownDataTypeParameters>100 CHAR,,</ownDataTypeParameters>
</Attribute>
<Attribute name="Contacto" id="21B6B0AE-E25E-48C8-1234-03A46ED8FAC1">
<createdBy>sd</createdBy>
<createdTime>2024-09-02 03:43:28 UTC</createdTime>
<ownerDesignName>cesar</ownerDesignName>
<engineerTo>
<item key="BFF314FE-28D8-144B-77A5-7E30255F96F8" value="true"/>
</engineerTo>
<nullsAllowed>true</nullsAllowed>
<useDomainConstraints>false</useDomainConstraints>
<use>1</use>
<logicalDatatype>LOGDT024</logicalDatatype>
<dataTypeSize>100 CHAR</dataTypeSize>
<ownDataTypeParameters>100 CHAR,,</ownDataTypeParameters>
</Attribute>
</attributes>
<identifiers itemClass="oracle.dbtools.crest.model.design.logical.CandidateKey">
<identifier id="73C593BC-ABE5-9F3D-C137-D0C72C88AFA6" name="Clientes PK">
<createdBy>sd</createdBy>
<createdTime>2024-09-02 03:43:45 UTC</createdTime>
<ownerDesignName>cesar</ownerDesignName>
<shouldEngineer>false</shouldEngineer>
<engineerTo>
<item key="BFF314FE-28D8-144B-77A5-7E30255F96F8" value="false"/>
</engineerTo>
<pk>true</pk>
<usedAttributes>
<attributeRef>D8836584-8E04-0659-B0F1-1398A2733ED8</attributeRef>
</usedAttributes>
</identifier>
</identifiers>
</Entity>