<?xml version = '1.0' encoding = 'UTF-8'?>
<Entity class="oracle.dbtools.crest.model.design.logical.Entity" directorySegmentName="seg_0" id="46ACA963-9FC9-9049-7CE0-7EB8E98E781D" name="Repuestos">
<createdBy>sd</createdBy>
<createdTime>2024-09-02 03:54:14 UTC</createdTime>
<ownerDesignName>cesar</ownerDesignName>
<engineerTo>
<item key="BFF314FE-28D8-144B-77A5-7E30255F96F8" value="true"/>
</engineerTo>
<adequatelyNormalized>NO</adequatelyNormalized>
<expectedVolumes>0</expectedVolumes>
<fwdEngineeringStrategyName>Single Table</fwdEngineeringStrategyName>
<growthPercent>0</growthPercent>
<growthType>Year</growthType>
<maxVolumes>9999999</maxVolumes>
<minVolumes>0</minVolumes>
<normalForm>Third</normalForm>
<attributes itemClass="oracle.dbtools.crest.model.design.logical.Attribute">
<Attribute name="Id_Repuesto" id="1C84FADB-DF11-80B2-468F-37B2164D14DD">
<createdBy>sd</createdBy>
<createdTime>2024-09-02 03:54:45 UTC</createdTime>
<ownerDesignName>cesar</ownerDesignName>
<engineerTo>
<item key="BFF314FE-28D8-144B-77A5-7E30255F96F8" value="true"/>
</engineerTo>
<useDomainConstraints>false</useDomainConstraints>
<use>1</use>
<logicalDatatype>LOGDT024</logicalDatatype>
<dataTypeSize>100 CHAR</dataTypeSize>
<ownDataTypeParameters>100 CHAR,,</ownDataTypeParameters>
</Attribute>
<Attribute name="Nombre_Repuesto" id="0C6B198A-BFC5-442C-1F06-1F2D83BC46C2">
<createdBy>sd</createdBy>
<createdTime>2024-09-02 03:54:46 UTC</createdTime>
<ownerDesignName>cesar</ownerDesignName>
<engineerTo>
<item key="BFF314FE-28D8-144B-77A5-7E30255F96F8" value="true"/>
</engineerTo>
<nullsAllowed>true</nullsAllowed>
<useDomainConstraints>false</useDomainConstraints>
<use>1</use>
<logicalDatatype>LOGDT024</logicalDatatype>
<dataTypeSize>100 CHAR</dataTypeSize>
<ownDataTypeParameters>100 CHAR,,</ownDataTypeParameters>
</Attribute>
<Attribute name="Cantidades" id="0DAF99B4-4D0C-CA96-8798-A5C0A5CE141F">
<createdBy>sd</createdBy>
<createdTime>2024-09-02 03:54:46 UTC</createdTime>
<ownerDesignName>cesar</ownerDesignName>
<engineerTo>
<item key="BFF314FE-28D8-144B-77A5-7E30255F96F8" value="true"/>
</engineerTo>
<nullsAllowed>true</nullsAllowed>
<useDomainConstraints>false</useDomainConstraints>
<use>1</use>
<logicalDatatype>LOGDT019</logicalDatatype>
<ownDataTypeParameters>,,</ownDataTypeParameters>
</Attribute>
<Attribute name="Costo_Repuesto" id="8A64EAF9-7936-1134-85E8-DDA2A4F92358">
<createdBy>sd</createdBy>
<createdTime>2024-09-02 03:54:47 UTC</createdTime>
<ownerDesignName>cesar</ownerDesignName>
<engineerTo>
<item key="BFF314FE-28D8-144B-77A5-7E30255F96F8" value="true"/>
</engineerTo>
<nullsAllowed>true</nullsAllowed>
<useDomainConstraints>false</useDomainConstraints>
<use>1</use>
<logicalDatatype>LOGDT026</logicalDatatype>
<ownDataTypeParameters>,,</ownDataTypeParameters>
</Attribute>
</attributes>
<identifiers itemClass="oracle.dbtools.crest.model.design.logical.CandidateKey">
<identifier id="D0F2E6C3-319B-4C31-2070-69A020A2A8BF" name="Repuestos PK">
<createdBy>sd</createdBy>
<createdTime>2024-09-02 03:55:08 UTC</createdTime>
<ownerDesignName>cesar</ownerDesignName>
<shouldEngineer>false</shouldEngineer>
<engineerTo>
<item key="BFF314FE-28D8-144B-77A5-7E30255F96F8" value="false"/>
</engineerTo>
<pk>true</pk>
<usedAttributes>
<attributeRef>1C84FADB-DF11-80B2-468F-37B2164D14DD</attributeRef>
</usedAttributes>
</identifier>
</identifiers>
</Entity>