<?xml version = '1.0' encoding = 'UTF-8'?>
<Entity class="oracle.dbtools.crest.model.design.logical.Entity" directorySegmentName="seg_0" id="48ED29BE-1836-D00F-F3FF-2239ADEBB685" name="Servicios">
<createdBy>sd</createdBy>
<createdTime>2024-09-02 03:52:19 UTC</createdTime>
<ownerDesignName>cesar</ownerDesignName>
<engineerTo>
<item key="BFF314FE-28D8-144B-77A5-7E30255F96F8" value="true"/>
</engineerTo>
<adequatelyNormalized>NO</adequatelyNormalized>
<expectedVolumes>0</expectedVolumes>
<fwdEngineeringStrategyName>Single Table</fwdEngineeringStrategyName>
<growthPercent>0</growthPercent>
<growthType>Year</growthType>
<maxVolumes>9999999</maxVolumes>
<minVolumes>0</minVolumes>
<normalForm>Third</normalForm>
<attributes itemClass="oracle.dbtools.crest.model.design.logical.Attribute">
<Attribute name="Id_Servicio" id="07643A3E-9269-85EE-BB2F-4FABA6C337C0">
<createdBy>sd</createdBy>
<createdTime>2024-09-02 03:52:37 UTC</createdTime>
<ownerDesignName>cesar</ownerDesignName>
<engineerTo>
<item key="BFF314FE-28D8-144B-77A5-7E30255F96F8" value="true"/>
</engineerTo>
<useDomainConstraints>false</useDomainConstraints>
<use>1</use>
<logicalDatatype>LOGDT024</logicalDatatype>
<dataTypeSize>100 CHAR</dataTypeSize>
<ownDataTypeParameters>100 CHAR,,</ownDataTypeParameters>
</Attribute>
<Attribute name="Descripcion_Servicio" id="52220E17-2912-D941-B107-1002B4D0CCFE">
<createdBy>sd</createdBy>
<createdTime>2024-09-02 03:52:38 UTC</createdTime>
<ownerDesignName>cesar</ownerDesignName>
<engineerTo>
<item key="BFF314FE-28D8-144B-77A5-7E30255F96F8" value="true"/>
</engineerTo>
<nullsAllowed>true</nullsAllowed>
<useDomainConstraints>false</useDomainConstraints>
<use>1</use>
<logicalDatatype>LOGDT025</logicalDatatype>
<dataTypeSize>100 CHAR</dataTypeSize>
<ownDataTypeParameters>100 CHAR,,</ownDataTypeParameters>
</Attribute>
<Attribute name="Varlo_Servicio" id="DD044038-9690-0DE3-5DAF-212D8F578C8F">
<createdBy>sd</createdBy>
<createdTime>2024-09-02 03:52:38 UTC</createdTime>
<ownerDesignName>cesar</ownerDesignName>
<engineerTo>
<item key="BFF314FE-28D8-144B-77A5-7E30255F96F8" value="true"/>
</engineerTo>
<nullsAllowed>true</nullsAllowed>
<useDomainConstraints>false</useDomainConstraints>
<use>1</use>
<logicalDatatype>LOGDT006</logicalDatatype>
<dataTypeSize>100</dataTypeSize>
<ownDataTypeParameters>100,,</ownDataTypeParameters>
</Attribute>
<Attribute name="Id_orden" id="27DBCA72-A266-F5AE-E8AD-242B3C4F90D1">
<createdBy>sd</createdBy>
<createdTime>2024-09-02 04:24:56 UTC</createdTime>
<generatorID>DB8EDCE4-63ED-D175-FABF-DED69EA9772D</generatorID>
<ownerDesignName>cesar</ownerDesignName>
<engineerTo>
<item key="BFF314FE-28D8-144B-77A5-7E30255F96F8" value="true"/>
</engineerTo>
<referedAttribute>1E2FF606-241E-2F5D-AB65-2E6BDA9E3B32</referedAttribute>
<useDomainConstraints>false</useDomainConstraints>
<use>1</use>
<logicalDatatype>LOGDT024</logicalDatatype>
<dataTypeSize>100 CHAR</dataTypeSize>
<ownDataTypeParameters>,,</ownDataTypeParameters>
</Attribute>
</attributes>
<identifiers itemClass="oracle.dbtools.crest.model.design.logical.CandidateKey">
<identifier id="507654A6-D1CC-FF04-FFBC-5CFCBCB84494" name="Servicios PK">
<createdBy>sd</createdBy>
<createdTime>2024-09-02 03:52:55 UTC</createdTime>
<ownerDesignName>cesar</ownerDesignName>
<shouldEngineer>false</shouldEngineer>
<engineerTo>
<item key="BFF314FE-28D8-144B-77A5-7E30255F96F8" value="false"/>
</engineerTo>
<pk>true</pk>
<usedAttributes>
<attributeRef>07643A3E-9269-85EE-BB2F-4FABA6C337C0</attributeRef>
</usedAttributes>
</identifier>
</identifiers>
</Entity>