<?xml version = '1.0' encoding = 'UTF-8'?>
<Entity class="oracle.dbtools.crest.model.design.logical.Entity" directorySegmentName="seg_0" id="A6A37D85-E04A-B0DF-6BC2-2F2B89AFDA14" name="Vehiculos">
<createdBy>sd</createdBy>
<createdTime>2024-09-02 03:45:54 UTC</createdTime>
<ownerDesignName>cesar</ownerDesignName>
<engineerTo>
<item key="BFF314FE-28D8-144B-77A5-7E30255F96F8" value="true"/>
</engineerTo>
<adequatelyNormalized>NO</adequatelyNormalized>
<expectedVolumes>0</expectedVolumes>
<fwdEngineeringStrategyName>Single Table</fwdEngineeringStrategyName>
<growthPercent>0</growthPercent>
<growthType>Year</growthType>
<maxVolumes>9999999</maxVolumes>
<minVolumes>0</minVolumes>
<normalForm>Third</normalForm>
<attributes itemClass="oracle.dbtools.crest.model.design.logical.Attribute">
<Attribute name="Patente" id="29995970-FA6D-1FF1-7D65-251F637389A9">
<createdBy>sd</createdBy>
<createdTime>2024-09-02 03:46:10 UTC</createdTime>
<ownerDesignName>cesar</ownerDesignName>
<engineerTo>
<item key="BFF314FE-28D8-144B-77A5-7E30255F96F8" value="true"/>
</engineerTo>
<useDomainConstraints>false</useDomainConstraints>
<use>1</use>
<logicalDatatype>LOGDT024</logicalDatatype>
<dataTypeSize>100 CHAR</dataTypeSize>
<ownDataTypeParameters>100 CHAR,,</ownDataTypeParameters>
</Attribute>
<Attribute name="Marca" id="5EF4AACC-0E61-5E47-AB93-227952110F06">
<createdBy>sd</createdBy>
<createdTime>2024-09-02 03:46:11 UTC</createdTime>
<ownerDesignName>cesar</ownerDesignName>
<engineerTo>
<item key="BFF314FE-28D8-144B-77A5-7E30255F96F8" value="true"/>
</engineerTo>
<nullsAllowed>true</nullsAllowed>
<useDomainConstraints>false</useDomainConstraints>
<use>1</use>
<logicalDatatype>LOGDT024</logicalDatatype>
<dataTypeSize>100 CHAR</dataTypeSize>
<ownDataTypeParameters>100 CHAR,,</ownDataTypeParameters>
</Attribute>
<Attribute name="Modelo" id="B71DCE85-AF63-9C3E-D36F-58551DA6F22B">
<createdBy>sd</createdBy>
<createdTime>2024-09-02 03:46:11 UTC</createdTime>
<ownerDesignName>cesar</ownerDesignName>
<engineerTo>
<item key="BFF314FE-28D8-144B-77A5-7E30255F96F8" value="true"/>
</engineerTo>
<nullsAllowed>true</nullsAllowed>
<useDomainConstraints>false</useDomainConstraints>
<use>1</use>
<logicalDatatype>LOGDT024</logicalDatatype>
<dataTypeSize>100 CHAR</dataTypeSize>
<ownDataTypeParameters>100 CHAR,,</ownDataTypeParameters>
</Attribute>
<Attribute name="Año" id="02830675-B00B-C5E4-1791-D98CA4284428">
<createdBy>sd</createdBy>
<createdTime>2024-09-02 03:46:11 UTC</createdTime>
<ownerDesignName>cesar</ownerDesignName>
<engineerTo>
<item key="BFF314FE-28D8-144B-77A5-7E30255F96F8" value="true"/>
</engineerTo>
<nullsAllowed>true</nullsAllowed>
<useDomainConstraints>false</useDomainConstraints>
<use>1</use>
<logicalDatatype>LOGDT019</logicalDatatype>
<ownDataTypeParameters>,,</ownDataTypeParameters>
</Attribute>
<Attribute name="Color" id="EA6ED275-0908-0B17-061B-6D7417FF9E37">
<createdBy>sd</createdBy>
<createdTime>2024-09-02 03:46:12 UTC</createdTime>
<ownerDesignName>cesar</ownerDesignName>
<engineerTo>
<item key="BFF314FE-28D8-144B-77A5-7E30255F96F8" value="true"/>
</engineerTo>
<nullsAllowed>true</nullsAllowed>
<useDomainConstraints>false</useDomainConstraints>
<use>1</use>
<logicalDatatype>LOGDT024</logicalDatatype>
<dataTypeSize>100 CHAR</dataTypeSize>
<ownDataTypeParameters>100 CHAR,,</ownDataTypeParameters>
</Attribute>
<Attribute name="Rut" id="B2548D1C-1D34-6438-B9ED-85CC3392C7D8">
<createdBy>sd</createdBy>
<createdTime>2024-09-02 04:23:30 UTC</createdTime>
<generatorID>2C91068B-AD58-F008-4C1D-EE5497268F5E</generatorID>
<ownerDesignName>cesar</ownerDesignName>
<engineerTo>
<item key="BFF314FE-28D8-144B-77A5-7E30255F96F8" value="true"/>
</engineerTo>
<referedAttribute>D8836584-8E04-0659-B0F1-1398A2733ED8</referedAttribute>
<useDomainConstraints>false</useDomainConstraints>
<use>1</use>
<logicalDatatype>LOGDT019</logicalDatatype>
<ownDataTypeParameters>,,</ownDataTypeParameters>
</Attribute>
</attributes>
<identifiers itemClass="oracle.dbtools.crest.model.design.logical.CandidateKey">
<identifier id="8BBA42FB-C5D5-3907-7DA6-3BFC85B70511" name="Vehiculos PK">
<createdBy>sd</createdBy>
<createdTime>2024-09-02 03:46:34 UTC</createdTime>
<ownerDesignName>cesar</ownerDesignName>
<shouldEngineer>false</shouldEngineer>
<engineerTo>
<item key="BFF314FE-28D8-144B-77A5-7E30255F96F8" value="false"/>
</engineerTo>
<pk>true</pk>
<usedAttributes>
<attributeRef>29995970-FA6D-1FF1-7D65-251F637389A9</attributeRef>
</usedAttributes>
</identifier>
</identifiers>
</Entity>