<?xml version = '1.0' encoding = 'UTF-8'?>
<Entity class="oracle.dbtools.crest.model.design.logical.Entity" directorySegmentName="seg_0" id="DD50164E-7730-EF91-A5AF-DCBDC847F9B0" name="Orden_De_Atencion">
<createdBy>sd</createdBy>
<createdTime>2024-09-02 03:48:36 UTC</createdTime>
<ownerDesignName>cesar</ownerDesignName>
<engineerTo>
<item key="BFF314FE-28D8-144B-77A5-7E30255F96F8" value="true"/>
</engineerTo>
<adequatelyNormalized>NO</adequatelyNormalized>
<expectedVolumes>0</expectedVolumes>
<fwdEngineeringStrategyName>Single Table</fwdEngineeringStrategyName>
<growthPercent>0</growthPercent>
<growthType>Year</growthType>
<maxVolumes>9999999</maxVolumes>
<minVolumes>0</minVolumes>
<normalForm>Third</normalForm>
<attributes itemClass="oracle.dbtools.crest.model.design.logical.Attribute">
<Attribute name="Id_orden" id="1E2FF606-241E-2F5D-AB65-2E6BDA9E3B32">
<createdBy>sd</createdBy>
<createdTime>2024-09-02 03:49:06 UTC</createdTime>
<ownerDesignName>cesar</ownerDesignName>
<engineerTo>
<item key="BFF314FE-28D8-144B-77A5-7E30255F96F8" value="true"/>
</engineerTo>
<useDomainConstraints>false</useDomainConstraints>
<use>1</use>
<logicalDatatype>LOGDT024</logicalDatatype>
<dataTypeSize>100 CHAR</dataTypeSize>
<ownDataTypeParameters>100 CHAR,,</ownDataTypeParameters>
</Attribute>
<Attribute name="Fecha_Orden" id="BD965073-5EEA-EA8B-E17B-5462F18942BF">
<createdBy>sd</createdBy>
<createdTime>2024-09-02 03:49:07 UTC</createdTime>
<ownerDesignName>cesar</ownerDesignName>
<engineerTo>
<item key="BFF314FE-28D8-144B-77A5-7E30255F96F8" value="true"/>
</engineerTo>
<nullsAllowed>true</nullsAllowed>
<useDomainConstraints>false</useDomainConstraints>
<use>1</use>
<logicalDatatype>LOGDT007</logicalDatatype>
<ownDataTypeParameters>,,</ownDataTypeParameters>
</Attribute>
<Attribute name="Tipo_Servicio" id="F4BDCBC9-9A9F-02F8-162F-A1990B27D23C">
<createdBy>sd</createdBy>
<createdTime>2024-09-02 03:49:07 UTC</createdTime>
<ownerDesignName>cesar</ownerDesignName>
<engineerTo>
<item key="BFF314FE-28D8-144B-77A5-7E30255F96F8" value="true"/>
</engineerTo>
<nullsAllowed>true</nullsAllowed>
<useDomainConstraints>false</useDomainConstraints>
<use>1</use>
<logicalDatatype>LOGDT024</logicalDatatype>
<dataTypeSize>100 CHAR</dataTypeSize>
<ownDataTypeParameters>100 CHAR,,</ownDataTypeParameters>
</Attribute>
<Attribute name="Vehiculo_Estado" id="96EDC3A3-C164-F9F1-BAC6-A79CBFB8A1DC">
<createdBy>sd</createdBy>
<createdTime>2024-09-02 03:49:08 UTC</createdTime>
<ownerDesignName>cesar</ownerDesignName>
<engineerTo>
<item key="BFF314FE-28D8-144B-77A5-7E30255F96F8" value="true"/>
</engineerTo>
<nullsAllowed>true</nullsAllowed>
<useDomainConstraints>false</useDomainConstraints>
<use>1</use>
<logicalDatatype>LOGDT025</logicalDatatype>
<dataTypeSize>100 CHAR</dataTypeSize>
<ownDataTypeParameters>100 CHAR,,</ownDataTypeParameters>
</Attribute>
<Attribute name="Fecha_Entrega" id="62C4239D-D7BF-A3B3-85AC-EA3650EB272F">
<createdBy>sd</createdBy>
<createdTime>2024-09-02 03:49:08 UTC</createdTime>
<ownerDesignName>cesar</ownerDesignName>
<engineerTo>
<item key="BFF314FE-28D8-144B-77A5-7E30255F96F8" value="true"/>
</engineerTo>
<nullsAllowed>true</nullsAllowed>
<useDomainConstraints>false</useDomainConstraints>
<use>1</use>
<logicalDatatype>LOGDT007</logicalDatatype>
<ownDataTypeParameters>,,</ownDataTypeParameters>
</Attribute>
<Attribute name="Patente" id="947F2A31-CC10-728C-82F1-1726C6B498BB">
<createdBy>sd</createdBy>
<createdTime>2024-09-02 04:24:03 UTC</createdTime>
<generatorID>456B3915-1B0F-DBDC-D25B-50051CA353F1</generatorID>
<ownerDesignName>cesar</ownerDesignName>
<engineerTo>
<item key="BFF314FE-28D8-144B-77A5-7E30255F96F8" value="true"/>
</engineerTo>
<referedAttribute>29995970-FA6D-1FF1-7D65-251F637389A9</referedAttribute>
<useDomainConstraints>false</useDomainConstraints>
<use>1</use>
<logicalDatatype>LOGDT024</logicalDatatype>
<dataTypeSize>100 CHAR</dataTypeSize>
<ownDataTypeParameters>,,</ownDataTypeParameters>
</Attribute>
</attributes>
<identifiers itemClass="oracle.dbtools.crest.model.design.logical.CandidateKey">
<identifier id="7436DF43-9A60-7EDE-3CE3-5B188BCCF5C3" name="Orden_De_Atencion PK">
<createdBy>sd</createdBy>
<createdTime>2024-09-02 03:49:52 UTC</createdTime>
<ownerDesignName>cesar</ownerDesignName>
<shouldEngineer>false</shouldEngineer>
<engineerTo>
<item key="BFF314FE-28D8-144B-77A5-7E30255F96F8" value="false"/>
</engineerTo>
<pk>true</pk>
<usedAttributes>
<attributeRef>1E2FF606-241E-2F5D-AB65-2E6BDA9E3B32</attributeRef>
</usedAttributes>
</identifier>
</identifiers>
</Entity>