<?xml version = '1.0' encoding = 'UTF-8'?>
<FKIndexAssociation class="oracle.dbtools.crest.model.design.relational.FKIndexAssociation" directorySegmentName="seg_0" id="143BDD4A-ECCF-DA7A-7A49-F95A3345C5C3" containerWithKeyObject="9817D5BD-7C01-9F0F-8222-07D9610366DE" localFKIndex="AB17FB49-F753-D3FD-3F35-94BEE7B0EBD7" name="Relation_34_Servi_Repuesto_FK">
<createdBy>sd</createdBy>
<createdTime>2024-09-02 04:26:10 UTC</createdTime>
<generatorID>D69E228E-179A-D73D-5DA0-E023FFCFF96E</generatorID>
<ownerDesignName>cesar</ownerDesignName>
<referredTableLongName>Servi_Repuesto</referredTableLongName>
<deleteRule>NO ACTION</deleteRule>
<referredTableID>4DC0249B-EDC3-12F5-DD02-3EE7350AB2E3</referredTableID>
<keyObject>97B20EEB-BDDD-4127-7C19-CF3EA41C1EA8</keyObject>
<referredKeyID>97B20EEB-BDDD-4127-7C19-CF3EA41C1EA8</referredKeyID>
<mandatory>true</mandatory>
<refColNames>Servi_Repuesto_ID</refColNames>
<transferable>true</transferable>
<rely>false</rely>
<columnDependencyConstraintGenerateInDDL>true</columnDependencyConstraintGenerateInDDL>
</FKIndexAssociation>