<?xml version = '1.0' encoding = 'UTF-8'?>
<FKIndexAssociation class="oracle.dbtools.crest.model.design.relational.FKIndexAssociation" directorySegmentName="seg_0" id="2C9A5A13-75D4-2E9F-88E0-6A118190F907" containerWithKeyObject="9817D5BD-7C01-9F0F-8222-07D9610366DE" localFKIndex="1E6A6E12-EA6A-33E2-FCFE-EC8419C35606" name="Relation_34_Servi_Repuesto_FKv1">
<createdBy>sd</createdBy>
<createdTime>2024-09-02 04:28:03 UTC</createdTime>
<generatorID>D69E228E-179A-D73D-5DA0-E023FFCFF96E</generatorID>
<ownerDesignName>cesar</ownerDesignName>
<referredTableLongName>Servi_Repuesto</referredTableLongName>
<deleteRule>NO ACTION</deleteRule>
<referredTableID>4DC0249B-EDC3-12F5-DD02-3EE7350AB2E3</referredTableID>
<keyObject>A45FD598-D40B-C772-32F9-6E8376918D55</keyObject>
<referredKeyID>A45FD598-D40B-C772-32F9-6E8376918D55</referredKeyID>
<mandatory>true</mandatory>
<transferable>true</transferable>
<rely>false</rely>
<columnDependencyConstraintGenerateInDDL>true</columnDependencyConstraintGenerateInDDL>
</FKIndexAssociation>