<?xml version = '1.0' encoding = 'UTF-8'?>
<FKIndexAssociation class="oracle.dbtools.crest.model.design.relational.FKIndexAssociation" directorySegmentName="seg_0" id="5DB7C136-48AE-70C6-7594-E007CFC5FA44" containerWithKeyObject="687BB548-B40E-8956-B0C0-C27B39BE8C08" localFKIndex="57860F73-CFDE-F275-EA27-1FABB0061741" name="Relacion5_Servi_Repuesto_FK">
<createdBy>sd</createdBy>
<createdTime>2024-09-02 04:28:03 UTC</createdTime>
<generatorID>5460E4D6-A825-1ED7-A2FD-927F00F880EC</generatorID>
<ownerDesignName>cesar</ownerDesignName>
<referredTableLongName>Servi_Repuesto</referredTableLongName>
<deleteRule>NO ACTION</deleteRule>
<referredTableID>4DC0249B-EDC3-12F5-DD02-3EE7350AB2E3</referredTableID>
<keyObject>A45FD598-D40B-C772-32F9-6E8376918D55</keyObject>
<referredKeyID>A45FD598-D40B-C772-32F9-6E8376918D55</referredKeyID>
<mandatory>true</mandatory>
<transferable>true</transferable>
<rely>false</rely>
<columnDependencyConstraintGenerateInDDL>true</columnDependencyConstraintGenerateInDDL>
</FKIndexAssociation>