<?xml version = '1.0' encoding = 'UTF-8'?>
<FKIndexAssociation class="oracle.dbtools.crest.model.design.relational.FKIndexAssociation" directorySegmentName="seg_0" id="6C05047B-0413-B132-3448-A8F4998A4FE4" containerWithKeyObject="042E4B36-C28E-80F9-1B1E-768A151D9CDD" localFKIndex="9F6F326A-6D2A-5F53-0DCC-696C9619A886" name="Orden_De_Atencion_Vehiculos_FK">
<createdBy>sd</createdBy>
<createdTime>2024-09-02 04:26:10 UTC</createdTime>
<generatorID>456B3915-1B0F-DBDC-D25B-50051CA353F1</generatorID>
<ownerDesignName>cesar</ownerDesignName>
<referredTableLongName>Vehiculos</referredTableLongName>
<deleteRule>NO ACTION</deleteRule>
<referredTableID>F5C3B293-B681-BDF5-BF67-A4175B0721ED</referredTableID>
<keyObject>458776AC-A002-0636-C8D6-B6D91CD3C8CB</keyObject>
<referredKeyID>458776AC-A002-0636-C8D6-B6D91CD3C8CB</referredKeyID>
<mandatory>true</mandatory>
<refColNames>Patente</refColNames>
<transferable>true</transferable>
<rely>false</rely>
<columnDependencyConstraintGenerateInDDL>true</columnDependencyConstraintGenerateInDDL>
</FKIndexAssociation>