<?xml version = '1.0' encoding = 'UTF-8'?>
<FKIndexAssociation class="oracle.dbtools.crest.model.design.relational.FKIndexAssociation" directorySegmentName="seg_0" id="7B04450E-449E-ED70-E9E0-567CFC82BFF3" containerWithKeyObject="687BB548-B40E-8956-B0C0-C27B39BE8C08" localFKIndex="FC0E79F3-4FAF-BAED-4133-E64D36C31DA2" name="Relacion5_Repuestos_FK">
<createdBy>sd</createdBy>
<createdTime>2024-09-02 04:28:03 UTC</createdTime>
<generatorID>5460E4D6-A825-1ED7-A2FD-927F00F880EC</generatorID>
<ownerDesignName>cesar</ownerDesignName>
<referredTableLongName>Repuestos</referredTableLongName>
<deleteRule>NO ACTION</deleteRule>
<referredTableID>65DD4D39-2E91-7341-24B6-1A333DD9D239</referredTableID>
<keyObject>AD05B4F2-DC28-1220-D192-ADDC4DD4CE49</keyObject>
<referredKeyID>AD05B4F2-DC28-1220-D192-ADDC4DD4CE49</referredKeyID>
<mandatory>true</mandatory>
<refColNames>Id_Repuesto</refColNames>
<transferable>true</transferable>
<rely>false</rely>
<columnDependencyConstraintGenerateInDDL>true</columnDependencyConstraintGenerateInDDL>
</FKIndexAssociation>