<?xml version = '1.0' encoding = 'UTF-8'?>
<FKIndexAssociation class="oracle.dbtools.crest.model.design.relational.FKIndexAssociation" directorySegmentName="seg_0" id="A790BE49-0193-7037-C5DD-06C47FF98DBB" containerWithKeyObject="9817D5BD-7C01-9F0F-8222-07D9610366DE" localFKIndex="7B5EAD78-E6E6-6A14-B78A-5C8D2B9B085A" name="Relation_34_Servicios_FK">
<createdBy>sd</createdBy>
<createdTime>2024-09-02 04:26:10 UTC</createdTime>
<generatorID>D69E228E-179A-D73D-5DA0-E023FFCFF96E</generatorID>
<ownerDesignName>cesar</ownerDesignName>
<referredTableLongName>Servicios</referredTableLongName>
<deleteRule>NO ACTION</deleteRule>
<referredTableID>EEBCA1CC-942D-E610-C98C-836DC9CED7F5</referredTableID>
<keyObject>7FC9D7C2-9AD1-F420-7616-8AA1A7BEC485</keyObject>
<referredKeyID>7FC9D7C2-9AD1-F420-7616-8AA1A7BEC485</referredKeyID>
<mandatory>true</mandatory>
<refColNames>Id_Servicio</refColNames>
<transferable>true</transferable>
<rely>false</rely>
<columnDependencyConstraintGenerateInDDL>true</columnDependencyConstraintGenerateInDDL>
</FKIndexAssociation>