<?xml version = '1.0' encoding = 'UTF-8'?>
<FKIndexAssociation class="oracle.dbtools.crest.model.design.relational.FKIndexAssociation" directorySegmentName="seg_0" id="D78E9EB0-17C0-AEFC-412D-38917BF7C941" containerWithKeyObject="F5C3B293-B681-BDF5-BF67-A4175B0721ED" localFKIndex="F80307F6-6DD8-B832-EC2E-4DE303FD165B" name="Vehiculos_Clientes_FK">
<createdBy>sd</createdBy>
<createdTime>2024-09-02 04:26:10 UTC</createdTime>
<generatorID>2C91068B-AD58-F008-4C1D-EE5497268F5E</generatorID>
<ownerDesignName>cesar</ownerDesignName>
<referredTableLongName>Clientes</referredTableLongName>
<deleteRule>NO ACTION</deleteRule>
<referredTableID>0B1C013A-1EA8-3752-9BBC-80A74CE11890</referredTableID>
<keyObject>E8A355D6-B66B-D883-4F43-34FD533AC682</keyObject>
<referredKeyID>E8A355D6-B66B-D883-4F43-34FD533AC682</referredKeyID>
<mandatory>true</mandatory>
<refColNames>Rut</refColNames>
<transferable>true</transferable>
<rely>false</rely>
<columnDependencyConstraintGenerateInDDL>true</columnDependencyConstraintGenerateInDDL>
</FKIndexAssociation>