<?xml version = '1.0' encoding = 'UTF-8'?>
<FKIndexAssociation class="oracle.dbtools.crest.model.design.relational.FKIndexAssociation" directorySegmentName="seg_0" id="F88BFBA4-233B-9F40-F7F4-28E582626AF9" containerWithKeyObject="EEBCA1CC-942D-E610-C98C-836DC9CED7F5" localFKIndex="9D8D5DDD-46BF-5DDC-3CD5-E81E04F5175C" name="Servicios_Orden_De_Atencion_FK">
<createdBy>sd</createdBy>
<createdTime>2024-09-02 04:26:10 UTC</createdTime>
<generatorID>DB8EDCE4-63ED-D175-FABF-DED69EA9772D</generatorID>
<ownerDesignName>cesar</ownerDesignName>
<referredTableLongName>Orden_De_Atencion</referredTableLongName>
<deleteRule>NO ACTION</deleteRule>
<referredTableID>042E4B36-C28E-80F9-1B1E-768A151D9CDD</referredTableID>
<keyObject>999EB72B-2D46-DCCC-3545-5F6B0A9FBCD6</keyObject>
<referredKeyID>999EB72B-2D46-DCCC-3545-5F6B0A9FBCD6</referredKeyID>
<mandatory>true</mandatory>
<refColNames>Id_orden</refColNames>
<transferable>true</transferable>
<rely>false</rely>
<columnDependencyConstraintGenerateInDDL>true</columnDependencyConstraintGenerateInDDL>
</FKIndexAssociation>