<?xml version = '1.0' encoding = 'UTF-8'?>
<Relation class="oracle.dbtools.crest.model.design.logical.Relation" name="Relacion6" directorySegmentName="seg_0" id="0FA2CF08-EE6A-6AFE-49B3-5450044EDD52">
<createdBy>sd</createdBy>
<createdTime>2024-09-02 04:30:59 UTC</createdTime>
<ownerDesignName>cesar</ownerDesignName>
<engineerTo>
<item key="BFF314FE-28D8-144B-77A5-7E30255F96F8" value="true"/>
</engineerTo>
<sourcePk>507654A6-D1CC-FF04-FFBC-5CFCBCB84494</sourcePk>
<targetPk>47424252-DCC9-A69D-C542-0D338DFCFBB5</targetPk>
<identifying>false</identifying>
<optionalSource>true</optionalSource>
<optionalTarget>false</optionalTarget>
<sourceCardinality>*</sourceCardinality>
<sourceEntity>48ED29BE-1836-D00F-F3FF-2239ADEBB685</sourceEntity>
<targetCardinalityString>*</targetCardinalityString>
<targetEntity>38423005-4733-97FF-793E-6C884216E1A8</targetEntity>
<transferable>true</transferable>
<deleteRule>NO ACTION</deleteRule>
</Relation>