<?xml version = '1.0' encoding = 'UTF-8'?>
<Relation class="oracle.dbtools.crest.model.design.logical.Relation" name="Relacion1" directorySegmentName="seg_0" id="2C91068B-AD58-F008-4C1D-EE5497268F5E">
<createdBy>sd</createdBy>
<createdTime>2024-09-02 04:23:30 UTC</createdTime>
<ownerDesignName>cesar</ownerDesignName>
<engineerTo>
<item key="BFF314FE-28D8-144B-77A5-7E30255F96F8" value="true"/>
</engineerTo>
<sourcePk>73C593BC-ABE5-9F3D-C137-D0C72C88AFA6</sourcePk>
<targetPk>8BBA42FB-C5D5-3907-7DA6-3BFC85B70511</targetPk>
<identifying>false</identifying>
<optionalSource>true</optionalSource>
<optionalTarget>false</optionalTarget>
<sourceCardinality>1</sourceCardinality>
<sourceEntity>0F30F929-D27F-18B2-14CC-21C060C51DF4</sourceEntity>
<targetCardinalityString>*</targetCardinalityString>
<targetEntity>A6A37D85-E04A-B0DF-6BC2-2F2B89AFDA14</targetEntity>
<transferable>true</transferable>
<deleteRule>NO ACTION</deleteRule>
</Relation>