<?xml version = '1.0' encoding = 'UTF-8'?>
<Relation class="oracle.dbtools.crest.model.design.logical.Relation" name="Relacion2" directorySegmentName="seg_0" id="456B3915-1B0F-DBDC-D25B-50051CA353F1">
<createdBy>sd</createdBy>
<createdTime>2024-09-02 04:24:03 UTC</createdTime>
<ownerDesignName>cesar</ownerDesignName>
<engineerTo>
<item key="BFF314FE-28D8-144B-77A5-7E30255F96F8" value="true"/>
</engineerTo>
<sourcePk>8BBA42FB-C5D5-3907-7DA6-3BFC85B70511</sourcePk>
<targetPk>7436DF43-9A60-7EDE-3CE3-5B188BCCF5C3</targetPk>
<identifying>false</identifying>
<optionalSource>true</optionalSource>
<optionalTarget>false</optionalTarget>
<sourceCardinality>1</sourceCardinality>
<sourceEntity>A6A37D85-E04A-B0DF-6BC2-2F2B89AFDA14</sourceEntity>
<targetCardinalityString>*</targetCardinalityString>
<targetEntity>DD50164E-7730-EF91-A5AF-DCBDC847F9B0</targetEntity>
<transferable>true</transferable>
<deleteRule>NO ACTION</deleteRule>
</Relation>