<?xml version = '1.0' encoding = 'UTF-8'?>
<Relation class="oracle.dbtools.crest.model.design.logical.Relation" name="Relacion5" directorySegmentName="seg_0" id="C892031A-6832-784E-DA60-82B79D5C0D32">
<createdBy>sd</createdBy>
<createdTime>2024-09-02 04:30:36 UTC</createdTime>
<ownerDesignName>cesar</ownerDesignName>
<engineerTo>
<item key="BFF314FE-28D8-144B-77A5-7E30255F96F8" value="true"/>
</engineerTo>
<sourcePk>D0F2E6C3-319B-4C31-2070-69A020A2A8BF</sourcePk>
<targetPk>47424252-DCC9-A69D-C542-0D338DFCFBB5</targetPk>
<identifying>false</identifying>
<optionalSource>true</optionalSource>
<optionalTarget>false</optionalTarget>
<sourceCardinality>*</sourceCardinality>
<sourceEntity>46ACA963-9FC9-9049-7CE0-7EB8E98E781D</sourceEntity>
<targetCardinalityString>*</targetCardinalityString>
<targetEntity>38423005-4733-97FF-793E-6C884216E1A8</targetEntity>
<transferable>true</transferable>
<deleteRule>NO ACTION</deleteRule>
</Relation>