<?xml version = '1.0' encoding = 'UTF-8'?>
<Relation class="oracle.dbtools.crest.model.design.logical.Relation" name="Relacion3" directorySegmentName="seg_0" id="DB8EDCE4-63ED-D175-FABF-DED69EA9772D">
<createdBy>sd</createdBy>
<createdTime>2024-09-02 04:24:56 UTC</createdTime>
<ownerDesignName>cesar</ownerDesignName>
<engineerTo>
<item key="BFF314FE-28D8-144B-77A5-7E30255F96F8" value="true"/>
</engineerTo>
<sourcePk>7436DF43-9A60-7EDE-3CE3-5B188BCCF5C3</sourcePk>
<targetPk>507654A6-D1CC-FF04-FFBC-5CFCBCB84494</targetPk>
<identifying>false</identifying>
<optionalSource>true</optionalSource>
<optionalTarget>false</optionalTarget>
<sourceCardinality>1</sourceCardinality>
<sourceEntity>DD50164E-7730-EF91-A5AF-DCBDC847F9B0</sourceEntity>
<targetCardinalityString>*</targetCardinalityString>
<targetEntity>48ED29BE-1836-D00F-F3FF-2239ADEBB685</targetEntity>
<transferable>true</transferable>
<deleteRule>NO ACTION</deleteRule>
</Relation>